ID,top 150 intra-EU routes,top 250 European routes,Type of connection,Connected countries,N. of air passengers (2019),Connection,Origin,Destination,via,N. of transfers (2019),Is a night train involved? (2019),Time of departure (2019),Time of arrival (2019),Duration of day trips (2019),Duration of trips involving night trains (2019),Duration of trips (2019),Distance,Average speed of the journey (2019),N. of weekly direct connections (2019),Shortest duration in 2021,Notes
XI01,,x,extra-EU,NL-UK,"4,724,508",Amsterdam-London,Amsterdam,London,Bruxelles,1,no,7:15,12:57,5:42,,5:42,585,103,0,4:42,
XD01-N,,x,domestic non-EU,UK,"3,374,701",London-Edinburgh,London,Edinburgh,-,0,yes,0:50,8:23,,7:33,7:33,641,85,:,7:33,
XD01,,x,domestic non-EU,UK,"3,374,701",London-Edinburgh,London,Edinburgh,-,0,no,08:00,12:22,4:22,,4:22,641,147,:,4:22,
XI02-N,,x,extra-EU,ES-UK,"3,360,488",London-Barcelona,London,Barcelona,"Paris, Portbou",2,yes,18:01,13:09,,19:08,19:08,1601,84,0,25:22,
XI02,,x,extra-EU,ES-UK,"3,360,488",London-Barcelona,London,Barcelona,Paris,1,no,9:25,18:39,9:14,,9:14,1601,173,0,10:32,
D01-N,x,x,domestic,FR,"3,221,467",Paris-Toulouse,Paris,Toulouse,-,0,yes,22:08,6:01,,7:53,7:53,713,90,7,7:40,
D01,x,x,domestic,FR,"3,221,467",Paris-Toulouse,Paris,Toulouse,Bordeaux,1,no,7:47,12:43,4:56,,4:56,797,162,56,4:22,
D02,x,x,domestic,FR,"3,191,073",Paris-Nice,Paris,Nice,-,0,no,7:07,13:06,5:59,,5:59,975,163,43,5:55,
XI03-N,,x,extra-EU,ES-UK,"3,142,916",London-Madrid,London,Madrid,"Paris, Portbou, Barcelona",3,yes,18:01,16:10,,22:09,22:09,2222,100,0,27:24,
XI03,,x,extra-EU,ES-UK,"3,142,916",Madrid-London,Madrid,London,"Barcelona, Paris",2,no,10:30,22:49,12:19,,12:19,2222,180,0,14:39,
XI04-N,,x,extra-EU,IT-UK,"3,012,732",Milano-London,Milano,London,Paris,1,yes,23:10,12:30,,13:20,13:20,1390,104,0,NA,No night train option is available in 2021
XI04,,x,extra-EU,IT-UK,"3,012,732",Milano-London,Milano,London,Paris,1,no,8:45,19:32,10:47,,10:47,1390,129,0,12:57,
I01-N,x,x,international,ES-FR,"2,705,785",Paris-Barcelona,Paris,Barcelona,Portbou,1,yes,21:04,13:09,,16:05,16:05,1139,71,0,18:33,
I01,x,x,international,ES-FR,"2,705,785",Paris-Barcelona,Paris,Barcelona,-,0,no,10:07,16:34,6:27,,6:27,1109,172,14,6:41,
D03,x,x,domestic,EL,"2,621,638",Athina-Thessaloniki,Athina,Thessaloniki,-,0,no,8:22,12:45,4:23,,4:23,502,115,42,4:23,
D04,x,x,domestic,ES,"2,572,844",Madrid-Barcelona,Madrid,Barcelona,-,0,no,7:00,09:30,2:30,,2:30,621,248,178,2:30,
I02-N,x,x,international,ES-FR,"2,554,563",Paris-Madrid,Paris,Madrid,"Portbou, Barcelona",2,yes,21:04,16:10,,19:06,19:06,1760,92,0,22:35,
I02,x,x,international,ES-FR,"2,554,563",Paris-Madrid,Paris,Madrid,Barcelona,1,no,10:07,19:45,9:38,,9:38,1730,180,0,10:43,
XI05,,x,extra-EU,CH-UK,"2,499,872",London-Genève,London,Genève,Paris,1,no,8:55,15:27,6:32,,6:32,1091,167,0,8:29,
XI06,,x,extra-EU,IT-UK,"2,387,778",Roma-London,Roma,London,"Milano, Paris",2,yes,19:18,12:30,,17:12,17:12,1958,114,0,22:50,
XD02-N,,x,domestic non-EU,UK,"2,287,012",London-Glasgow,London,Glasgow,-,0,yes,0:50,8:22,,7:32,7:32,643,85,:,7:32,
XD02,,x,domestic non-EU,UK,"2,287,012",London-Glasgow,London,Glasgow,-,0,no,8:30,12:59,4:29,,4:29,643,143,:,4:32,
I03-N,x,x,international,FR-IT,"2,251,688",Roma-Paris,Roma,Paris,Torino,1,yes,19:18,9:37,,14:19,14:19,1454,102,0,16:48,
I03,x,x,international,FR-IT,"2,251,688",Roma-Paris,Roma,Paris,Torino,1,no,11:00,22:31,11:31,,11:31,1442,125,0,11:05,
D05-N,x,x,domestic,DE,"2,248,754",Frankfurt-Berlin,Frankfurt,Berlin,-,0,yes,0:54,7:48,,6:54,6:54,541,78,:,6:46,
D05,x,x,domestic,DE,"2,248,754",Frankfurt-Berlin,Frankfurt,Berlin,-,0,no,7:02,10:48,3:46,,3:46,541,144,:,3:53,
XI07,,x,extra-EU,DK-UK,"2,214,180",London-København,London,København,"Bruxelles, Köln, Hannover, Hamburg",4,no,8:16,22:26,14:10,,14:10,,,0,19:07,
I04-N,x,x,international,FR-IT,"2,160,528",Milano-Paris,Milano,Paris,-,0,yes,23:10,9:37,,10:27,10:27,898,86,7,NA,No night train option is available in 2021
I04,x,x,international,FR-IT,"2,160,528",Milano-Paris,Milano,Paris,-,0,no,8:45,16:11,7:26,,7:26,886,119,21,7:16,
XI08,,x,extra-EU,FR-UK,"2,118,570",Paris-London,Paris,London,-,0,no,7:01,9:32,2:31,,2:31,492,195,108,2:26,
I05,x,x,international,FR-PT,"2,118,039",Paris-Lisboa,Paris,Lisboa,Hendaye,1,yes,12:48,8:20,,19:32,19:32,1813,93,0,33:22,
XD03-N,,x,domestic non-EU,NO,"2,106,608",Oslo-Trondheim,Oslo,Trondheim,-,0,yes,23:06,6:40,,7:34,7:34,553,73,:,7:38,
XD03,,x,domestic non-EU,NO,"2,106,608",Oslo-Trondheim,Oslo,Trondheim,-,0,no,8:02,14:31,6:29,,6:29,553,85,:,6:32,
XI09,,x,extra-EU,DE-UK,"2,071,623",Frankfurt-London,Frankfurt,London,"Köln, Bruxelles",2,no,7:29,13:57,6:28,,6:28,,,0,7:33,
D06-N,x,x,domestic,IT,"2,026,011",Milano-Catania,Milano,Catania,Roma,1,yes,18:00,8:17,,14:17,14:17,1324,93,7,14:35,
D06,x,x,domestic,IT,"2,026,011",Milano-Catania,Milano,Catania,Roma,1,no,08:00,21:37,13:37,,13:37,1324,97,0,13:37,
XI10,,x,extra-EU,DE-UK,"2,005,194",Berlin-London,Berlin,London,"Köln, Bruxelles",2,no,7:49,17:05,9:16,,9:16,,,0,10:53,
XD04-N,,x,domestic non-EU,NO,"2,004,018",Oslo-Bergen,Oslo,Bergen,-,0,yes,23:25,6:48,,7:23,7:23,489,66,:,7:23,
XD04,,x,domestic non-EU,NO,"2,004,018",Oslo-Bergen,Oslo,Bergen,-,0,no,8:25,14:57,6:32,,6:32,489,75,:,6:30,
XI11,,x,extra-EU,CH-UK,"1,941,003",London-Zürich,London,Zürich,Paris,1,no,8:01,16:26,8:25,,8:25,,,0,7:25,
D07,x,x,domestic,DE,"1,934,712",München-Berlin,München,Berlin,-,0,no,7:52,11:51,3:59,,3:59,619,155,:,3:58,
XI12,,x,extra-EU,DE-UK,"1,837,165",München-London,München,London,"Stuttgart, Paris",2,no,7:46,18:39,10:53,,10:53,,,0,11:05,
D08-N,x,x,domestic,IT,"1,824,588",Roma-Catania,Roma,Catania,-,0,yes,21:31,8:17,,10:46,10:46,756,70,14,11:10,
D08,x,x,domestic,IT,"1,824,588",Roma-Catania,Roma,Catania,Villa San Giovanni,1,no,8:58,17:25,8:27,,8:27,756,89,14,8:27,
D09-N,x,x,domestic,DE,"1,745,720",Hamburg-München,Hamburg,München,-,0,yes,20:29,7:09,,10:40,10:40,779,73,:,10:42,
D09,x,x,domestic,DE,"1,745,720",Hamburg-München,Hamburg,München,-,0,no,7:38,14:02,6:24,,6:24,779,122,:,5:48,
XI13,,x,extra-EU,HU-UK,"1,685,166",Budapest-London,Budapest,London,"München, Stuttgart, Paris",3,yes,20:40,14:30,,17:50,17:50,,,0,21:20,
XD05-N,,x,domestic non-EU,NO,"1,681,389",Oslo-Stavanger,Oslo,Stavanger,-,0,yes,22:25,7:20,,8:55,8:55,587,66,:,8:55,
XD05,,x,domestic non-EU,NO,"1,681,389",Oslo-Stavanger,Oslo,Stavanger,-,0,no,7:25,15:05,7:40,,7:40,587,77,:,7:40,
I06,x,x,international,ES-IT,"1,657,859",Roma-Madrid,Roma,Madrid,"Milano, Paris, Barcelona",3,yes,19:18,19:45,,24:27,24:27,3196,131,0,27:27,
XI14,,x,extra-EU,SE-UK,"1,610,929",London-Stockholm,London,Stockholm,"Bruxelles, Köln, Hannover, Hamburg, København, Malmö",6,no,8:16,8:35,24:19,,24:19,,,0,26:15,A night train option is available in 2021
D10-N,x,x,domestic,IT,"1,582,685",Roma-Palermo,Roma,Palermo,-,0,yes,21:31,10:05,,12:34,12:34,893,71,14,12:57,
D10,x,x,domestic,IT,"1,582,685",Roma-Palermo,Roma,Palermo,Villa San Giovanni,1,no,8:58,19:25,10:27,,10:27,893,85,14,10:27,
XI15-N,,x,extra-EU,ES-UK,"1,581,766",London-Alicante,London,Alicante,"Paris, Portbou, Barcelona, Madrid",4,yes,18:01,18:43,,24:42,24:42,2708,110,0,29:18,
XI15,,x,extra-EU,ES-UK,"1,581,766",Alicante-London,Alicante,London,"Madrid, Barcelona, Paris",3,no,7:14,22:49,15:35,,15:35,2708,174,0,26:29,The route cannot be travelled within a day in 2021
D11,x,x,domestic,FR,"1,569,716",Paris-Marseille,Paris,Marseille,Aix en Provence,1,no,7:07,11:12,4:05,,4:05,750,184,:,3:04,
I07-N,x,x,international,ES-PT,"1,558,577",Madrid-Lisboa,Madrid,Lisboa,-,0,yes,21:43,8:20,,10:37,10:37,828,78,0,NA,No night train option is available in 2021
I07,x,x,international,ES-PT,"1,558,577",Madrid-Lisboa,Madrid,Lisboa,"Merida, Badajoz, Entroncamento",3,no,10:25,21:12,10:47,,10:47,742,69,0,10:37,
I08,x,x,international,FR-PT,"1,558,282",Paris-Porto,Paris,Porto,"Hendaye, Coimbra",2,yes,12:48,7:44,,18:56,18:56,1714,91,0,34:02,
D12-N,x,x,domestic,IT,"1,539,626",Milano-Palermo,Milano,Palermo,Roma,1,yes,18:00,10:05,,16:05,16:05,1461,91,7,15:46,
D12,x,x,domestic,IT,"1,539,626",Milano-Palermo,Milano,Palermo,Roma,1,no,08:00,23:05,15:05,,15:05,1461,97,0,15:05,
XI16,,x,extra-EU,DK-NO,"1,494,157",København-Oslo,København,Oslo,Göteborg,1,no,8:27,16:52,8:25,,8:25,703,84,0,NA,There's no direct train link between Norway and foreign countries in 2021
D13-N,x,x,domestic,DE,"1,488,902",Düsseldorf-München,Düsseldorf,München,-,0,yes,20:54,7:09,,10:15,10:15,629,61,:,9:28,
D13,x,x,domestic,DE,"1,488,902",München-Düsseldorf,München,Düsseldorf,-,0,no,7:28,12:33,5:05,,5:05,629,124,:,5:02,
XI17,,x,extra-EU,FR-UK,"1,478,509",Nice-London,Nice,London,Paris,1,no,7:57,17:39,9:42,,9:42,1467,151,0,11:09,
D14,x,x,domestic,DE,"1,434,481",Berlin-Köln,Berlin,Köln,-,0,no,7:49,12:09,4:20,,4:20,588,136,:,4:42,
I09-N,x,x,international,ES-IT,"1,429,578",Milano-Madrid,Milano,Madrid,"Paris, Barcelona",2,yes,23:10,19:50,,20:40,20:40,2628,127,0,NA,No night train option is available in 2021
I09,x,x,international,ES-IT,"1,429,578",Milano-Madrid,Milano,Madrid,"Chambery, Valence, Barcelona",3,no,8:45,0:02,15:17,,15:17,1704,111,0,17:17,
D15-N,x,x,domestic,DE,"1,426,732",Frankfurt-Hamburg,Frankfurt,Hamburg,-,0,yes,0:54,7:53,,6:59,6:59,645,92,:,7:01,
D15,x,x,domestic,DE,"1,426,732",Frankfurt-Hamburg,Frankfurt,Hamburg,-,0,no,7:58,11:56,3:58,,3:58,645,163,:,3:37,
XI18,,x,extra-EU,NO-SE,"1,408,504",Stockholm-Oslo,Stockholm,Oslo,-,0,no,9:10,15:09,5:59,,5:59,,,:,NA,There's no direct train link between Norway and foreign countries in 2021
I10-N,x,x,international,DK-SE,"1,397,474",Stockholm-København,Stockholm,København,Malmö,1,yes,23:25,8:08,,8:43,8:43,644,74,:,7:40,
I10,x,x,international,DK-SE,"1,397,474",Stockholm-København,Stockholm,København,-,0,no,7:22,12:31,5:09,,5:09,644,125,:,5:01,
I11,x,x,international,ES-IT,"1,395,472",Roma-Barcelona,Roma,Barcelona,"Milano, Paris",2,yes,19:18,16:34,,21:16,21:16,2575,121,0,23:43,
I12,x,x,international,FI-SE,"1,393,257",Helsinki-Stockholm,Helsinki,Stockholm,"Moscow, Warszawa, Berlin, Hamburg, København",5,yes,17:44,05:55,,60:11,60:11,4232,70,0,:,The alternative to plane on this route is train+ferry
XI19,,x,extra-EU,PL-UK,"1,393,043",London-Warszawa,London,Warszawa,"Bruxelles, Köln, Berlin",3,no,9:54,3:25,17:31,,17:31,,,0,22:51,The route cannot be travelled within a day in 2021
I13,x,x,international,FR-NL,"1,388,051",Amsterdam-Paris,Amsterdam,Paris,-,0,no,7:15,10:38,3:23,,3:23,524,155,:,3:23,
I14-N,x,x,international,ES-NL,"1,382,746",Amsterdam-Barcelona,Amsterdam,Barcelona,"Paris, Portbou",2,yes,17:15,13:09,,19:54,19:54,1663,84,0,23:38,
I14,x,x,international,ES-NL,"1,382,746",Amsterdam-Barcelona,Amsterdam,Barcelona,"Paris, Lyon",2,no,7:15,19:30,12:15,,12:15,1633,133,0,12:18,
XI20,,x,extra-EU,NO-UK,"1,378,418",London-Oslo,London,Oslo,"Bruxelles, Köln, Hannover, Hamburg, København, Malmö, Stockholm",7,no,8:16,15:09,30:53,,30:53,,,0,NA,There's no direct train link between Norway and foreign countries in 2021
D16-N,x,x,domestic,IT,"1,376,954",Milano-Napoli,Milano,Napoli,-,0,yes,23:17,09:38,,10:21,10:21,790,76,:,10:18,
D16,x,x,domestic,IT,"1,376,954",Milano-Napoli,Milano,Napoli,-,0,no,7:00,11:28,4:28,,4:28,790,177,:,4:33,
XI21-N,,x,extra-EU,AU-UK,"1,353,053",Wien-London,Wien,London,"München, Paris",2,yes,23:25,15:39,,16:14,16:14,,,0,18:33,
XI21,,x,extra-EU,AU-UK,"1,353,053",Wien-London,Wien,London,"München, Stuttgart, Paris",3,no,7:30,21:02,13:32,,13:32,,,0,13:49,
I15-N,x,x,international,ES-IT,"1,324,755",Milano-Barcelona,Milano,Barcelona,Paris,1,yes,23:10,16:34,,17:24,17:24,2007,115,0,NA,No night train option is available in 2021
I15,x,x,international,ES-IT,"1,324,755",Milano-Barcelona,Milano,Barcelona,"Chambery, Valence",2,no,8:45,20:34,11:49,,11:49,1083,92,0,13:33,
XI22,,x,extra-EU,IT-UK,"1,299,301",Venezia-London,Venezia,London,Paris,1,yes,19:32,12:30,,16:58,16:58,,,:,15:21,The route can be travelled within a day in 2021
I16-N,x,x,international,DE-FR,"1,287,118",Paris-Berlin,Paris,Berlin,Frankfurt,1,yes,19:06,7:54,,12:48,12:48,1205,94,:,12:26,
I16,x,x,international,DE-FR,"1,287,118",Paris-Berlin,Paris,Berlin,Frankfurt,1,no,7:19,15:28,8:09,,8:09,1205,148,:,8:15,
XI23,,x,extra-EU,CZ-UK,"1,283,433",London-Praha,London,Praha,"Bruxelles, Frankfurt, Leipzig, Dresden",4,no,8:16,21:26,13:10,,13:10,,,0,17:42,The route cannot be travelled within a day in 2021
XD06,,x,domestic non-EU,NO,"1,243,364",Oslo-Tromsø,Oslo,Tromsø,NA,NA,NA,NA,NA,NA,NA,NA,NA,NA,0,NA,There's no train connection to Tromsø
D17-N,x,x,domestic,DE,"1,235,068",Berlin-Stuttgart,Berlin,Stuttgart,Mannheim,1,yes,20:56,5:53,,8:57,8:57,729,81,:,09:31,
D17,x,x,domestic,DE,"1,235,068",Berlin-Stuttgart,Berlin,Stuttgart,-,0,no,7:28,13:08,5:40,,5:40,729,129,:,5:31,
D18,x,x,domestic,DE,"1,233,072",Berlin-Düsseldorf,Berlin,Düsseldorf,-,0,no,7:49,12:06,4:17,,4:17,548,128,:,4:20,
D19,x,x,domestic,FR,"1,219,673",Paris-Bordeaux,Paris,Bordeaux,-,0,no,7:47,9:56,2:09,,2:09,537,250,:,2:04,
I17-N,x,x,international,FR-IT,"1,212,566",Venezia-Paris,Venezia,Paris,-,0,yes,19:32,9:37,,14:05,14:05,1156,82,:,15:28,
I17,x,x,international,FR-IT,"1,212,566",Venezia-Paris,Venezia,Paris,Milano,1,no,11:50,22:31,10:41,,10:41,1144,107,:,11:39,
I18-N,x,x,international,IT-NL,"1,208,982",Milano-Amsterdam,Milano,Amsterdam,Paris,1,yes,23:10,13:44,,14:34,14:34,1169,80,0,NA,No night train option is available in 2021
I18,x,x,international,IT-NL,"1,208,982",Milano-Amsterdam,Milano,Amsterdam,Paris,1,no,8:45,20:44,11:59,,11:59,1169,98,0,11:42,
D20-N,x,x,domestic,IT,"1,204,651",Milano-Lamezia Terme,Milano,Lamezia Terme,Roma,1,yes,20:10,9:16,,13:06,13:06,1114,85,:,9:46,
D20,x,x,domestic,IT,"1,204,651",Milano-Lamezia Terme,Milano,Lamezia Terme,Roma,1,no,7:00,15:16,8:16,,8:16,1114,135,:,7:34,
D21-N,x,x,domestic,IT,"1,198,119",Roma-Milano,Roma,Milano,-,0,yes,23:55,7:12,,7:17,7:17,568,78,:,7:28,
D21,x,x,domestic,IT,"1,198,119",Roma-Milano,Roma,Milano,-,0,no,7:00,9:56,2:56,,2:56,568,194,:,2:59,
I19-N,x,x,international,BE-ES,"1,191,725",Bruxelles-Madrid,Bruxelles,Madrid,"Paris, Portbou, Barcelona",3,yes,19:13,16:10,,20:57,20:57,2072,99,0,25:38,
I19,x,x,international,BE-ES,"1,191,725",Bruxelles-Madrid,Bruxelles,Madrid,"Valence, Barcelona",2,no,10:33,23:10,12:37,,12:37,2042,162,0,12:02,
XI24-N,,x,extra-EU,CH-DE,"1,163,424",Berlin-Zürich,Berlin,Zürich,-,0,yes,20:33,9:05,,12:32,12:32,,,:,11:32,
XI24,,x,extra-EU,CH-DE,"1,163,424",Berlin-Zürich,Berlin,Zürich,Basel,1,no,8:30,17:00,8:30,,8:30,,,:,8:08,
D22-N,x,x,domestic,IT,"1,159,746",Milano-Bari,Milano,Bari,-,0,yes,20:50,6:44,,9:54,9:54,869,88,:,9:54,
D22,x,x,domestic,IT,"1,159,746",Milano-Bari,Milano,Bari,"Bologna, Ancona",2,no,7:05,15:27,8:22,,8:22,869,104,:,7:17,
D23,x,x,domestic,SE,"1,148,015",Stockholm-Göteborg,Stockholm,Göteborg,-,0,no,7:33,10:35,3:02,,3:02,455,150,:,2:59,
D24-N,x,x,domestic,DE,"1,146,439",Frankfurt-München,Frankfurt,München,-,0,yes,0:08,7:09,,7:01,7:01,409,58,:,05:54,
D24,x,x,domestic,DE,"1,146,439",Frankfurt-München,Frankfurt,München,-,0,no,7:54,11:08,3:14,,3:14,409,126,:,3:28,
I20-N,x,x,international,ES-NL,"1,140,173",Amsterdam-Madrid,Amsterdam,Madrid,"Paris, Portbou, Barcelona",3,yes,17:15,16:10,,22:55,22:55,2284,100,0,27:40,
I20,x,x,international,ES-NL,"1,140,173",Amsterdam-Madrid,Amsterdam,Madrid,"Paris, Lyon, Barcelona",3,no,7:15,23:10,15:55,,15:55,2254,142,0,16:02,
I21,x,x,international,DK-NL,"1,109,796",Amsterdam-København,Amsterdam,København,"Osnabrück, Hamburg, Flensburg, Fredericia",4,no,7:00,18:08,11:08,,11:08,841,76,0,10:33,
I22-N,x,x,international,AU-DE,"1,109,793",Wien-Frankfurt,Wien,Frankfurt,-,0,yes,20:41,5:23,,8:42,8:42,745,86,:,7:55,
I22,x,x,international,AU-DE,"1,109,793",Wien-Frankfurt,Wien,Frankfurt,-,0,no,9:15,15:36,6:21,,6:21,745,117,:,6:49,
I23,x,x,international,DE-ES,"1,080,971",Madrid-Frankfurt,Madrid,Frankfurt,"Barcelona, Portbou, Paris",3,yes,11:30,12:48,,25:18,25:18,2394,95,0,15:08,The route can be travelled within a day in 2021
I24-N,x,x,international,BE-ES,"1,074,248",Bruxelles-Barcelona,Bruxelles,Barcelona,"Paris, Portbou",2,yes,19:13,13:09,,17:56,17:56,1451,81,0,21:36,
I24,x,x,international,BE-ES,"1,074,248",Bruxelles-Barcelona,Bruxelles,Barcelona,Valence,1,no,10:33,19:30,8:57,,8:57,1421,159,0,9:10,
XI25,,x,extra-EU,NL-UK,"1,069,549",Amsterdam-Manchester,Amsterdam,Manchester,"Bruxelles, London",2,no,8:15,15:28,7:13,,7:13,881,122,:,7:12,
XI26,,x,extra-EU,CH-FR,"1,059,227",Paris-Genève,Paris,Genève,-,0,no,7:11,10:19,3:08,,3:08,599,191,:,3:14,
I25-N,x,x,international,IT-NL,"1,048,831",Roma-Amsterdam,Roma,Amsterdam,"Milano, Paris",2,yes,20:00,13:44,,17:44,17:44,1737,98,0,NA,No night train option is available in 2021
I25,x,x,international,IT-NL,"1,048,831",Roma-Amsterdam,Roma,Amsterdam,"Milano, Basel, Mannheim",3,no,7:07,21:57,14:50,,14:50,1737,117,0,15:08,
I26,x,x,international,DE-EL,"1,046,122",München-Athina,München,Athina,NA,NA,NA,NA,NA,NA,NA,NA,NA,NA,0,NA,There's no direct train link between Greece and foreign countries
D25,x,x,domestic,SE,"1,045,828",Stockholm-Luleå,Stockholm,Luleå,-,0,yes,21:12,11:03,,13:51,13:51,1066,77,:,13:15,
D26,x,x,domestic,ES,"1,045,029",Barcelona-Sevilla,Barcelona,Sevilla,Madrid,1,no,7:00,12:25,5:25,,5:25,1091,201,:,5:16,
I27,x,x,international,DE-FR,"1,042,112",Paris-Frankfurt,Paris,Frankfurt,-,0,no,7:19,10:58,3:39,,3:39,664,182,:,3:50,
I28-N,x,x,international,DE-ES,"1,037,216",Barcelona-Frankfurt,Barcelona,Frankfurt,"Portbou, Paris",2,yes,15:16,12:48,,21:32,21:32,1803,84,0,26:54,
I28,x,x,international,DE-ES,"1,037,216",Barcelona-Frankfurt,Barcelona,Frankfurt,"Valence, Paris",2,no,8:25,20:58,12:33,,12:33,1773,141,0,12:44,
D27-N,x,x,domestic,SE,"1,022,621",Stockholm-Malmö,Stockholm,Malmö,-,0,yes,23:09,6:55,,7:46,7:46,597,77,:,6:39,
D27,x,x,domestic,SE,"1,022,621",Stockholm-Malmö,Stockholm,Malmö,-,0,no,7:22,11:54,4:32,,4:32,597,132,:,4:27,
D28-N,x,x,domestic,DE,"1,018,045",Köln-München,Köln,München,-,0,yes,21:21,7:09,,9:48,9:48,589,60,:,8:55,
D28,x,x,domestic,DE,"1,018,045",München-Köln,München,Köln,-,0,no,7:28,12:05,4:37,,4:37,589,128,:,4:38,
I29,x,x,international,DE-FR,"1,014,392",München-Paris,München,Paris,-,0,no,9:06,15:27,6:21,,6:21,851,134,:,05:47,
XI27,,x,extra-EU,DE-UK,"1,010,908",Düsseldorf-London,Düsseldorf,London,Bruxelles,1,no,08:18,12:57,4:39,,4:39,,,:,8:51,
D29,x,x,domestic,PT,"1,008,288",Lisboa-Porto,Lisboa,Porto,-,0,no,8:00,10:50,2:50,,2:50,337,119,:,2:58,
I30-N,x,x,international,ES-PT,"1,007,488",Barcelona-Lisboa,Barcelona,Lisboa,"Madrid, Valladolid",2,yes,17:25,8:20,,14:55,14:55,1449,97,0,NA,No night train option is available in 2021
I30,x,x,international,ES-PT,"1,007,488",Barcelona-Lisboa,Barcelona,Lisboa,"Madrid, Merida, Badajoz, Entroncamento",4,no,7:40,21:12,13:32,,13:32,1393,103,0,13:32,
I31,x,x,international,DE-NL,"1,004,745",Amsterdam-Berlin,Amsterdam,Berlin,-,0,no,7:00,13:22,6:22,,6:22,647,102,:,6:00,
D30,x,x,domestic,FR,"989,296",Paris-Montpellier,Paris,Montpellier,-,0,no,8:07,11:36,3:29,,3:29,736,211,:,3:29,
XI28,,x,extra-EU,DE-UK,"979,896",London-Hamburg,London,Hamburg,"Bruxelles, Köln, Hannover",3,no,8:16,16:53,8:37,,8:37,,,:,9:18,
XI29,,x,extra-EU,CH-NL,"978,768",Amsterdam-Zürich,Amsterdam,Zürich,Basel,1,no,8:08,16:00,7:52,,7:52,,,:,7:22,
I32-N,x,x,international,DE-NL,"971,192",Amsterdam-München,Amsterdam,München,Düsseldorf,1,yes,18:38,7:08,,12:30,12:30,873,70,:,11:41,
I32,x,x,international,DE-NL,"971,192",Amsterdam-München,Amsterdam,München,Mannheim,1,no,8:08,15:27,7:19,,7:19,873,119,:,7:20,
I33-N,x,x,international,ES-PT,"969,125",Madrid-Porto,Madrid,Porto,Coimbra,1,yes,21:43,7:46,,10:03,10:03,729,73,0,NA,No night train option is available in 2021
I33,x,x,international,ES-PT,"969,125",Madrid-Porto,Madrid,Porto,"Merida, Badajoz, Entroncamento",3,no,10:25,20:46,10:21,,10:21,852,82,0,10:08,
I34-N,x,x,international,AU-DE,"966,659",Wien-Berlin,Wien,Berlin,-,0,yes,22:10,9:16,,11:06,11:06,790,86,:,10:24,
I34,x,x,international,AU-DE,"966,659",Wien-Berlin,Wien,Berlin,Nürnberg,1,no,9:15,17:29,8:14,,8:14,955,116,:,8:15,
D31-N,x,x,domestic,FI,"956,641",Helsinki-Oulu,Helsinki,Oulu,-,0,yes,22:13,7:10,,8:57,8:57,680,76,:,7:37,
D31,x,x,domestic,FI,"956,641",Helsinki-Oulu,Helsinki,Oulu,-,0,no,8:24,13:54,5:30,,5:30,680,124,:,5:53,
I35-N,x,x,international,AU-FR,"944,404",Wien-Paris,Wien,Paris,München,1,yes,23:25,12:03,,12:38,12:38,1316,104,0,13:06,
I35,x,x,international,AU-FR,"944,404",Wien-Paris,Wien,Paris,"München, Stuttgart",2,no,7:30,18:03,10:33,,10:33,1316,125,0,10:44,
I36-N,x,x,international,AU-NL,"943,844",Wien-Amsterdam,Wien,Amsterdam,Düsseldorf,1,yes,20:41,11:28,,14:47,14:47,1209,82,0,13:45,
I36,x,x,international,AU-NL,"943,844",Wien-Amsterdam,Wien,Amsterdam,Frankfurt,1,no,9:15,20:28,11:13,,11:13,1209,108,0,11:14,
I37-N,x,x,international,DE-IT,"941,247",Milano-Frankfurt,Milano,Frankfurt,München,1,yes,20:40,12:08,,15:28,15:28,1255,81,:,16:21,
I37,x,x,international,DE-IT,"941,247",Milano-Frankfurt,Milano,Frankfurt,Basel,1,no,7:23,15:08,7:45,,7:45,705,91,:,7:09,
XI30-N,,x,extra-EU,AU-CH,"941,007",Wien-Zürich,Wien,Zürich,-,0,yes,23:25,8:20,,8:55,8:55,,,:,8:53,
XI30,,x,extra-EU,AU-CH,"941,007",Wien-Zürich,Wien,Zürich,-,0,no,7:30,15:20,7:50,,7:50,,,:,7:50,
I38-N,x,x,international,BE-IT,"903,299",Bruxelles-Roma,Bruxelles,Roma,"Paris, Milano",2,yes,17:13,9:36,,16:23,16:23,1766,108,0,19:17,
I38,x,x,international,BE-IT,"903,299",Bruxelles-Roma,Bruxelles,Roma,"Paris, Lyon, Milano",3,no,7:13,21:03,13:50,,13:50,1766,128,0,12:51,
I39,x,x,international,DE-ES,"903,143",Madrid-München,Madrid,München,"Barcelona, Portbou, Paris, Frankfurt",4,yes,11:30,16:07,,28:37,28:37,2581,90,0,16:29,The route can be travelled within a day in 2021
I40-N,x,x,international,BE-IT,"894,241",Milano-Bruxelles,Milano,Bruxelles,Paris,1,yes,23:10,11:52,,12:42,12:42,1210,95,:,NA,No night train option is available in 2021
I40,x,x,international,BE-IT,"894,241",Milano-Bruxelles,Milano,Bruxelles,Paris,1,no,8:45,18:17,9:32,,9:32,1210,127,:,9:47,
I41,x,x,international,DE-ES,"891,315",Barcelona-München,Barcelona,München,"Paris, Stuttgart",2,no,9:25,23:29,14:04,,14:04,1960,139,0,13:24,
I42,x,x,international,DK-FR,"887,021",Paris-København,Paris,København,"Dortmund, Hamburg, Flensburg, Fredericia",4,no,7:55,22:08,14:13,,14:13,1394,98,0,14:39,
XI31,,x,extra-EU,PL-UK,"886,535",Krakow-London,Krakow,London,"Wien, München, Paris",3,yes,22:34,20:39,,22:05,22:05,,,:,22:07,
D32-N,x,x,domestic,IT,"885,734",Milano-Brindisi,Milano,Brindisi,-,0,yes,20:50,08:01,,11:11,11:11,980,88,:,10:58,
D32,x,x,domestic,IT,"885,734",Milano-Brindisi,Milano,Brindisi,Bologna,1,no,7:30,15:38,8:08,,8:08,980,120,:,8:14,
I43,x,x,international,DE-NL,"882,532",Amsterdam-Frankfurt,Amsterdam,Frankfurt,-,0,no,8:08,12:13,4:05,,4:05,464,114,:,3:53,
I44,x,x,international,CZ-FR,"876,838",Paris-Praha,Paris,Praha,"Frankfurt, Dresden",2,no,7:19,19:26,12:07,,12:07,1355,112,0,12:03,
D33-N,x,x,domestic,SE,"872,118",Stockholm-Umeå,Stockholm,Umeå,-,0,yes,21:12,6:13,,9:01,9:01,715,79,:,8:24,
D33,x,x,domestic,SE,"872,118",Stockholm-Umeå,Stockholm,Umeå,-,0,no,7:21,15:19,7:58,,7:58,715,90,:,9:01,
I45-N,x,x,international,NL-SE,"863,475",Amsterdam-Stockholm,Amsterdam,Stockholm,"Osnabrück, Hamburg, København",3,yes,09:00,5:55,,20:55,20:55,1485,71,0,20:25,
I45,x,x,international,NL-SE,"863,475",Amsterdam-Stockholm,Amsterdam,Stockholm,"Osnabrück, Hamburg, København, Malmö",4,no,7:00,23:37,16:37,,16:37,1485,89,0,16:37,
I46,x,x,international,DK-FI,"859,564",Helsinki-København,Helsinki,København,"Moscow, Warszawa, Berlin, Hamburg",4,yes,17:44,20:40,,50:56,50:56,3588,70,0,:,The alternative to plane on this route is train+ferry
D34,x,x,domestic,ES,"848,962",Barcelona-Malaga,Barcelona,Malaga,Madrid,1,no,7:00,12:22,5:22,,5:22,1186,221,:,5:14,
XD07,,x,domestic non-EU,NO,"838,021",Oslo-Bodø,Oslo,Bodø,Trondheim,1,yes,16:02,9:16,,17:14,17:14,1282,74,:,17:15,
D35,x,x,domestic,ES,"835,731",Madrid-Bilbao,Madrid,Bilbao,-,0,no,8:00,13:04,5:04,,5:04,565,112,:,5:04,
I47,x,x,international,EL-IT,"823,988",Roma-Athina,Roma,Athina,NA,NA,NA,NA,NA,NA,NA,NA,NA,NA,0,NA,There's no direct train link between Greece and foreign countries; ferry is the alternative to plane on this route
XI32,,x,extra-EU,PT-UK,"823,279",London-Porto,London,Porto,"Paris, Hendaye, Coimbra",3,yes,8:55,7:44,,22:49,22:49,,,:,36:52,
I48-N,x,x,international,ES-FR,"798,987",Paris-Malaga,Paris,Malaga,"Portbou, Barcelona, Madrid",3,yes,21:04,19:08,,22:04,22:04,2273,103,0,NA,No night train option is available in 2021
I48,x,x,international,ES-FR,"798,987",Paris-Malaga,Paris,Malaga,"Barcelona, Madrid",2,no,10:07,23:40,13:33,,13:33,2243,166,0,22:33,The route cannot be travelled within a day in 2021
XI33-N,,x,extra-EU,IT-UK,"797,486",Bologna-London,Bologna,London,"Milano, Paris",2,yes,21:38,12:30,,14:52,14:52,,,:,16:24,
XI33,,x,extra-EU,IT-UK,"797,486",Bologna-London,Bologna,London,"Milano, Paris",2,no,7:21,19:32,12:11,,12:11,,,:,13:48,
I49-N,x,x,international,DE-IT,"785,756",Roma-Frankfurt,Roma,Frankfurt,"Padova, München",2,yes,19:50,12:08,,16:18,16:18,1823,112,0,15:41,
I49,x,x,international,DE-IT,"785,756",Roma-Frankfurt,Roma,Frankfurt,"Milano, Basel",2,no,7:07,17:53,10:46,,10:46,1273,118,0,10:32,
XI70,,x,extra-EU,IT-UK,"784,363",Pisa-London,Pisa,London,"Firenze, Milano, Paris",3,yes,19:32,12:30,,16:58,16:58,,,:,22:30,No night train option is available in 2021
D36,x,x,domestic,DK,"782,849",København-Aalborg,København,Aalborg,-,0,no,7:00,11:51,4:51,,4:51,469,97,:,5:00,
XD08-N,,x,domestic non-EU,UK,"772,034",London-Aberdeen,London,Aberdeen,-,0,yes,22:15,8:39,,10:24,10:24,851,82,:,10:25,
XD08,,x,domestic non-EU,UK,"772,034",London-Aberdeen,London,Aberdeen,Edinburgh,1,no,8:00,14:52,6:52,,6:52,851,124,:,6:48,
I50-N,x,x,international,AU-DE,"771,175",Wien-Düsseldorf,Wien,Düsseldorf,-,0,yes,20:41,8:42,,12:01,12:01,982,82,:,11:10,
I50,x,x,international,AU-DE,"771,175",Wien-Düsseldorf,Wien,Düsseldorf,München,1,no,7:30,16:41,9:11,,9:11,1104,120,:,8:21,
D37-N,x,x,domestic,IT,"765,162",Roma-Bari,Roma,Bari,-,0,yes,23:58,6:27,,6:29,6:29,503,78,:,NA,No night train option is available in 2021
D37,x,x,domestic,IT,"765,162",Roma-Bari,Roma,Bari,-,0,no,8:05,12:04,3:59,,3:59,503,126,:,3:59,
I51,x,x,international,CZ-NL,"758,629",Amsterdam-Praha,Amsterdam,Praha,"Frankfurt, Nürnberg",2,no,8:08,19:18,11:10,,11:10,1051,94,0,11:13,
XI34,,x,extra-EU,CH-DE,"747,922",Düsseldorf-Zürich,Düsseldorf,Zürich,Frankfurt,1,no,8:21,14:00,5:39,,5:39,,,:,5:08,
D38-N,x,x,domestic,DE,"738,375",Hamburg-Stuttgart,Hamburg,Stuttgart,Mannheim,1,yes,21:02,5:53,,8:51,8:51,833,94,:,7:57,
D38,x,x,domestic,DE,"738,375",Hamburg-Stuttgart,Hamburg,Stuttgart,-,0,no,7:01,12:35,5:34,,5:34,833,150,:,5:01,
I52-N,x,x,international,DE-HU,"725,600",Frankfurt-Budapest,Frankfurt,Budapest,Wien,1,yes,0:08,11:19,,11:11,11:11,1001,90,0,11:02,
I52,x,x,international,DE-HU,"725,600",Frankfurt-Budapest,Frankfurt,Budapest,Wien,1,no,8:19,18:19,10:00,,10:00,1001,100,0,10:22,
XI35,,x,extra-EU,NL-NO,"723,482",Amsterdam-Oslo,Amsterdam,Oslo,"Osnabrück, Hamburg, København, Malmö, Göteborg",5,no,9:00,10:52,25:52,,25:52,1544,60,0,NA,There's no direct train link between Norway and foreign countries in 2021
XI36,,x,extra-EU,CH-FR,"723,183",Paris-Zürich,Paris,Zürich,-,0,no,7:23,11:26,4:03,,4:03,,,:,4:07,
I53-N,x,x,international,AU-DE,"720,332",Wien-Hamburg,Wien,Hamburg,-,0,yes,20:41,8:44,,12:03,12:03,1132,94,:,12:16,
I53,x,x,international,AU-DE,"720,332",Wien-Hamburg,Wien,Hamburg,Nürnberg,1,no,9:15,17:53,8:38,,8:38,1132,131,:,9:04,
D39-N,x,x,domestic,ES,"719,692",Santiago-Madrid,Santiago,Madrid,Redondela,1,yes,20:40,9:31,,12:51,12:51,677,53,:,NA,No night train option is available in 2021
D39,x,x,domestic,ES,"719,692",Madrid-Santiago,Madrid,Santiago,Ourense,1,no,7:15,12:50,5:35,,5:35,677,121,:,4:40,
I54-N,x,x,international,DE-IT,"718,525",Roma-München,Roma,München,Padova,1,yes,19:50,8:19,,12:29,12:29,1101,88,:,12:49,
I54,x,x,international,DE-IT,"718,525",München-Roma,München,Roma,Bologna,1,no,9:45,18:26,8:41,,8:41,901,104,:,9:08,
D40,x,x,domestic,FR,"715,117",Paris-Lyon,Paris,Lyon,-,0,no,7:53,09:56,2:03,,2:03,427,208,:,1:58,
XI37,,x,extra-EU,CH-NL,"707,873",Amsterdam-Genève,Amsterdam,Genève,Paris,1,no,7:15,15:27,8:12,,8:12,,,:,8:15,
I55,x,x,international,FI-NL,"707,614",Amsterdam-Helsinki,Amsterdam,Helsinki,"Berlin, Warszawa, Minsk, St. Petersburg",4,yes,7:00,13:57,,54:57,54:57,3060,56,0,:,The alternative to plane on this route is train+ferry
XI38,,x,extra-EU,FR-UK,"705,069",London-Toulouse,London,Toulouse,Paris,1,no,8:55,16:03,7:08,,7:08,,,:,8:05,
XI39,,x,extra-EU,NL-UK,"704,510",Amsterdam-Birmingham,Amsterdam,Birmingham,"Bruxelles, London",2,no,8:15,15:33,7:18,,7:18,767,105,:,7:08,
I56,x,x,international,DE-SE,"698,080",Stockholm-Frankfurt,Stockholm,Frankfurt,"København, Hamburg",2,yes,23:09,17:00,,17:51,17:51,1637,92,:,14:40,The route can be travelled within a day in 2021
XI40,,x,extra-EU,CH-PT,"693,686",Porto-Genève,Porto,Genève,"Coimbra, Hendaye, Paris",3,yes,22:53,22:22,,23:29,23:29,,,0,33:22,
I57,x,x,international,ES-PT,"692,248",Barcelona-Porto,Barcelona,Porto,"Madrid, Valladolid, Vigo",3,yes,17:25,7:46,,14:21,14:21,1350,94,:,21:20,No night train option is available in 2021
XI41-N,,x,extra-EU,CH-DE,"692,048",Hamburg-Zürich,Hamburg,Zürich,-,0,yes,21:02,9:05,,12:03,12:03,,,:,11:36,
XI41,,x,extra-EU,CH-DE,"692,048",Hamburg-Zürich,Hamburg,Zürich,-,0,no,8:24,16:00,7:36,,7:36,,,:,7:36,
XI42,,x,extra-EU,CH-ES,"688,631",Madrid-Zürich,Madrid,Zürich,"Barcelona, Portbou, Paris",3,yes,11:30,11:26,,23:56,23:56,,,:,14:00,The route can be travelled within a day in 2021
D41-N,x,x,domestic,ES,"683,927",Vigo-Madrid,Vigo,Madrid,-,0,yes,22:15,9:31,,11:16,11:16,678,60,:,NA,No night train option is available in 2021
D41,x,x,domestic,ES,"683,927",Madrid-Vigo,Madrid,Vigo,-,0,no,7:15,13:23,6:08,,6:08,678,111,:,5:40,
XI43,,x,extra-EU,FR-UK,"681,050",Manchester-Paris,Manchester,Paris,London,1,no,7:01,11:46,4:45,,4:45,788,166,:,4:52,
D42-N,x,x,domestic,ES,"680,075",A Coruña-Madrid,A Coruña,Madrid,-,0,yes,22:25,9:31,,11:06,11:06,751,68,:,NA,No night train option is available in 2021
D42,x,x,domestic,ES,"680,075",Madrid-A Coruña,Madrid,A Coruña,Ourense,1,no,7:15,13:18,6:03,,6:03,751,124,:,5:12,
XI44-N,,x,extra-EU,NL-UK,"679,190",Amsterdam-Edinburgh,Amsterdam,Edinburgh,"Paris, London",2,yes,17:15,8:23,,15:08,15:08,1226,81,:,16:04,
XI44,,x,extra-EU,NL-UK,"679,190",Amsterdam-Edinburgh,Amsterdam,Edinburgh,"Bruxelles, London, Preston",3,no,8:15,18:23,10:08,,10:08,1226,121,:,10:01,
XI45,,x,extra-EU,BE-UK,"675,607",Bruxelles-London,Bruxelles,London,-,0,no,7:56,9:59,2:03,,2:03,373,182,:,2:05,
I58,x,x,international,DE-DK,"663,815",København-Frankfurt,København,Frankfurt,Hamburg,1,no,7:35,16:05,8:30,,8:30,993,117,:,9:01,
XI46-N,,x,extra-EU,CH-ES,"654,990",Barcelona-Zürich,Barcelona,Zürich,"Portbou, Paris",2,yes,15:16,11:26,,20:10,20:10,,,:,25:21,
XI46,,x,extra-EU,CH-ES,"654,990",Barcelona-Zürich,Barcelona,Zürich,"Lyon, Genève",2,no,8:25,19:28,11:03,,11:03,,,:,11:13,
XD09,,x,domestic non-EU,NO,"654,853",Oslo-Ålesund ,Oslo,Ålesund ,NA,NA,NA,NA,NA,NA,NA,NA,NA,NA,0,NA,There's no train connection to Ålesund 
XI47,,x,extra-EU,CH-UK,"651,703",London-Basel,London,Basel,"Paris, Mulhouse",2,no,8:01,15:09,7:08,,7:08,,,:,8:52,
XI48,,x,extra-EU,CH-DE,"651,241",Frankfurt-Zürich,Frankfurt,Zürich,Basel,1,no,8:01,12:26,4:25,,4:25,,,:,3:59,
I59,x,x,international,DE-ES,"649,358",Barcelona-Berlin,Barcelona,Berlin,"Paris, Mannheim",2,yes,9:25,07:54,,22:29,22:29,2314,103,:,21:27,
I60-N,x,x,international,FR-PL,"642,834",Paris-Warszawa,Paris,Warszawa,"Frankfurt, Berlin",2,yes,19:06,15:46,,20:40,20:40,1777,86,:,20:57,
I60,x,x,international,FR-PL,"642,834",Paris-Warszawa,Paris,Warszawa,"Frankfurt, Berlin",2,no,7:19,22:31,15:12,,15:12,1777,117,:,14:48,
I61,x,x,international,AU-ES,"639,971",Wien-Barcelona,Wien,Barcelona,"Zürich, Genève, Lyon",3,yes,23:25,19:30,,20:05,20:05,1930,96,:,20:06,
XI49,,x,extra-EU,CH-ES,"637,812",Barcelona-Genève,Barcelona,Genève,Lyon,1,no,8:25,16:29,8:04,,8:04,,,:,8:20,
I62,x,x,international,BE-PL,"636,950",Bruxelles-Warszawa,Bruxelles,Warszawa,"Köln, Berlin",2,no,9:25,22:31,13:06,,13:06,1386,106,:,13:24,
I63,x,x,international,AU-RO,"634,044",Wien-București,Wien,București,-,0,yes,19:42,15:06,,19:24,19:24,1108,57,:,19:22,
D43,x,x,domestic,FR,"629,775",Paris-Bayonne-Biarritz,Paris,Bayonne-Biarritz,-,0,no,7:47,11:55,4:08,,4:08,736,178,:,3:57,Train to Bayonne
I64,x,x,international,DK-DE,"629,340",København-Berlin,København,Berlin,Hamburg,1,no,7:35,14:19,6:44,,6:44,639,95,:,7:56,
XI50,,x,extra-EU,FR-UK,"625,547",London-Lyon,London,Lyon,Paris,1,no,8:01,12:56,4:55,,4:55,,,:,5:55,
D44,x,x,domestic,ES,"622,601",Barcelona-Bilbao,Barcelona,Bilbao,-,0,no,7:30,14:04,6:34,,6:34,661,101,:,6:32,
XD10,,x,domestic non-EU,CH,"622,564",Genève-Zürich,Genève,Zürich,-,0,no,7:15,9:56,2:41,,2:41,,,:,2:41,
I65-N,x,x,international,DE-IT,"621,096",Milano-Berlin,Milano,Berlin,München,1,yes,20:40,13:29,,16:49,16:49,1465,87,0,16:44,
I65,x,x,international,DE-IT,"621,096",Milano-Berlin,Milano,Berlin,"Verona, München",2,no,7:15,19:29,12:14,,12:14,1265,103,0,11:27,
XI51,,x,extra-EU,CH-PT,"620,798",Lisboa-Genève,Lisboa,Genève,"Hendaye, Paris",2,yes,22:34,22:22,,23:48,23:48,,,0,30:50,No night train option is available in 2021
XI52,,x,extra-EU,BE-CH,"615,005",Bruxelles-Genève,Bruxelles,Genève,Paris,1,no,7:13,12:18,5:05,,5:05,911,179,:,6:14,
XI53,,x,extra-EU,FR-UK,"611,329",London-Marseille,London,Marseille,Paris,1,no,8:01,14:12,6:11,,6:11,,,:,7:46,
I66-N,x,x,international,BE-ES,"610,932",Bruxelles-Alicante,Bruxelles,Alicante,"Paris, Portbou, Barcelona, Madrid",4,yes,19:13,19:30,,24:17,24:17,1987,82,:,27:32,
I66,x,x,international,BE-ES,"610,932",Alicante-Bruxelles,Alicante,Bruxelles,"Madrid, Barcelona, Paris",3,no,7:14,21:47,14:33,,14:33,1957,135,:,23:02,The route cannot be travelled within a day in 2021
I67,x,x,international,IT-RO,"608,567",Roma-București,Roma,București,"Wien, Budapest",2,yes,18:58,11:30,,40:32,40:32,2241,55,0,32:14,
XD11,,x,domestic non-EU,NO,"604,972",Oslo-Narvik,Oslo,Narvik,Stockholm,1,yes,11:56,12:54,,24:58,24:58,2111,85,:,NA,There's no direct train link between Norway and foreign countries in 2021
I68,x,x,international,BE-DK,"596,751",København-Bruxelles,København,Bruxelles,"Hamburg, Köln",2,no,7:35,19:35,12:00,,12:00,1039,87,:,12:36,
XI54,,x,extra-EU,PL-UK,"592,309",London-Gdansk,London,Gdansk,"Bruxelles, Köln, Berlin, Poznan",4,yes,8:16,6:10,,21:54,21:54,,,:,22:20,No night train option is available in 2021
I69-N,x,x,international,FR-IT,"589,431",Paris-Napoli,Paris,Napoli,"Milano, Roma",2,yes,19:15,11:08,,15:53,15:53,1676,106,:,17:32,
I69,x,x,international,FR-IT,"589,431",Paris-Napoli,Paris,Napoli,Milano,1,no,10:41,22:23,11:42,,11:42,1664,142,:,12:02,
I70-N,x,x,international,DE-IT,"585,229",Venezia-Frankfurt,Venezia,Frankfurt,München,1,yes,21:16,10:08,,12:52,12:52,997,77,:,12:59,
I70,x,x,international,DE-IT,"585,229",Venezia-Frankfurt,Venezia,Frankfurt,"Verona, München",2,no,7:32,18:04,10:32,,10:32,1007,96,:,9:52,
D45,x,x,domestic,FR,"584,312",Lyon-Bordeaux,Lyon,Bordeaux,Paris,1,no,7:04,11:56,4:52,,4:52,815,167,:,5:05,
I71-N,x,x,international,FR-IT,"583,073",Paris-Firenze,Paris,Firenze,"Milano, Bologna",2,yes,19:15,8:31,,13:16,13:16,1193,90,:,NA,No night train option is available in 2021
I71,x,x,international,FR-IT,"583,073",Paris-Firenze,Paris,Firenze,Milano,1,no,10:41,20:00,9:19,,9:19,1181,127,:,9:20,
XI55,,x,extra-EU,SE-UK,"578,957",London-Göteborg,London,Göteborg,"Bruxelles, Köln, Hannover, Hamburg, København, Malmö, Stockholm",7,no,8:16,7:05,22:49,,22:49,,,:,23:25,
I72,x,x,international,BE-DE,"578,559",Bruxelles-Frankfurt,Bruxelles,Frankfurt,-,0,no,8:23,11:31,3:08,,3:08,406,130,:,3:07,
XD12-N,,x,domestic non-EU,NO,"578,172",Bergen-Stavanger,Bergen,Stavanger,Oslo,1,yes,22:59,15:05,,16:06,16:06,1076,67,:,15:23,
XD12,,x,domestic non-EU,NO,"578,172",Bergen-Stavanger,Bergen,Stavanger,Oslo,1,no,7:57,0:11,16:14,,16:14,1076,66,:,15:19,
XI56,,x,extra-EU,CH-ES,"577,368",Madrid-Genève,Madrid,Genève,"Barcelona, Valence, Lyon",3,no,10:30,22:33,12:03,,12:03,1375,114,:,11:35,
XI57-N,,x,extra-EU,ES-UK,"573,308",London-Valencia,London,Valencia,"Paris, Perpignan, Barcelona",3,yes,19:01,15:25,,20:24,20:24,,,:,27:24,
XI57,,x,extra-EU,ES-UK,"573,308",London-Valencia,London,Valencia,"Paris, Lyon, Barcelona",3,no,8:55,23:45,14:50,,14:50,,,:,24:54,The route cannot be travelled within a day in 2021
I73-N,x,x,international,ES-FR,"572,056",Paris-Valencia,Paris,Valencia,"Portbou, Barcelona",2,yes,21:04,17:40,,20:36,20:36,1492,72,:,22:35,
I73,x,x,international,ES-FR,"572,056",Paris-Valencia,Paris,Valencia,Barcelona,1,no,10:07,20:42,10:35,,10:35,1462,138,:,10:43,
XI58,,x,extra-EU,DE-UK,"570,463",London-Köln,London,Köln,Bruxelles,1,no,8:16,12:15,3:59,,3:59,,,:,4:25,
I74,x,x,international,DE-FI,"569,632",Helsinki-Berlin,Helsinki,Berlin,"Moscow, Warszawa",2,yes,17:44,11:16,,41:32,41:32,2949,71,:,:,
D46,x,x,domestic,FR,"568,942",Paris-Nantes,Paris,Nantes,-,0,no,7:40,9:50,2:10,,2:10,390,180,:,2:06,
D47,x,x,domestic,FR,"562,382",Lyon-Nantes,Lyon,Nantes,Paris,1,no,7:51,12:54,5:03,,5:03,817,162,:,4:51,
I75-N,x,x,international,AU-IT,"562,246",Wien-Milano,Wien,Milano,Verona,1,yes,19:31,8:12,,12:41,12:41,878,69,:,12:47,
I75,x,x,international,AU-IT,"562,246",Wien-Milano,Wien,Milano,"Innsbruck, Brenner, Bolzano, Verona",4,no,8:30,17:55,9:25,,9:25,937,100,:,9:45,Travel time will reduce by at least 1h40 from 2028 due to ongoing construction works
D48,x,x,domestic,FR,"562,128",Paris-Brest,Paris,Brest,-,0,no,7:35,11:35,4:00,,4:00,612,153,:,3:28,
I76,x,x,international,DE-SE,"559,991",Stockholm-München,Stockholm,München,"København, Hamburg, Frankfurt",3,yes,23:09,21:09,,22:00,22:00,2046,93,:,17:44,The route can be travelled within a day in 2021
I77-N,x,x,international,DE-IT,"559,339",Roma-Berlin,Roma,Berlin,"Padova, München",2,yes,19:50,13:29,,17:39,17:39,1720,97,:,18:08,
I77,x,x,international,DE-IT,"559,339",Roma-Berlin,Roma,Berlin,"Bologna, München",2,no,9:45,23:35,13:50,,13:50,1520,110,:,14:25,
I78-N,x,x,international,AU-IT,"558,401",Roma-Wien,Roma,Wien,-,0,yes,18:58,8:46,,13:48,13:48,1133,82,:,12:35,
I78,x,x,international,AU-IT,"558,401",Roma-Wien,Roma,Wien,"Bolzano, Brenner, Innsbruck",3,no,8:45,20:23,11:38,,11:38,1256,108,:,11:40,
I79-N,x,x,international,AU-DE,"558,006",Wien-Stuttgart,Wien,Stuttgart,München,1,yes,23:25,8:37,,9:12,9:12,717,78,:,9:18,
I79,x,x,international,AU-DE,"558,006",Wien-Stuttgart,Wien,Stuttgart,München,1,no,7:30,14:01,6:31,,6:31,717,110,:,6:29,
I80,x,x,international,ES-IT,"554,681",Venezia-Madrid,Venezia,Madrid,"Paris, Barcelona",2,yes,19:32,19:45,,24:13,24:13,2886,119,:,27:37,No night train option is available in 2021
XD13,,x,domestic non-EU,UK,"552,255",London-Manchester,London,Manchester,-,0,no,8:20,10:27,2:07,,2:07,296,140,:,2:06,
D49,x,x,domestic,ES,"548,209",Madrid-Asturias,Madrid,Oviedo-Avilés-Gijón,Leon,1,no,7:05,11:44,4:39,,4:39,485,104,:,4:46,Train to Oviedo
XD14-N,,x,domestic non-EU,UK,"544,517",London-Inverness,London,Inverness,-,0,yes,22:15,9:42,,11:27,11:27,,,:,11:27,
XD14,,x,domestic non-EU,UK,"544,517",London-Inverness,London,Inverness,"Glasgow, Perth",2,no,8:30,16:22,7:52,,7:52,,,:,7:54,
D50-N,x,x,domestic,FI,"543,716",Helsinki-Rovaniemi,Helsinki,Rovaniemi,-,0,yes,22:13,10:05,,11:52,11:52,900,76,:,10:26,
D50,x,x,domestic,FI,"543,716",Helsinki-Rovaniemi,Helsinki,Rovaniemi,Oulu,1,no,8:24,16:17,7:53,,7:53,900,114,:,8:22,
D51-N,x,x,domestic,IT,"543,528",Venezia-Catania,Venezia,Catania,Roma,1,yes,17:37,8:17,,14:40,14:40,1260,86,:,15:07,
D51,x,x,domestic,IT,"543,528",Venezia-Catania,Venezia,Catania,Roma,1,no,07:37,21:37,14:00,,14:00,1260,90,:,13:59,
D52-N,x,x,domestic,DE,"542,253",München-Hannover,München,Hannover,-,0,yes,22:52,7:05,,8:13,8:13,601,73,:,7:59,
D52,x,x,domestic,DE,"542,253",München-Hannover,München,Hannover,-,1,no,7:19,11:54,4:35,,4:35,601,131,:,4:17,
I81-N,x,x,international,BE-HU,"542,160",Budapest-Bruxelles,Budapest,Bruxelles,"München, Frankfurt",2,yes,20:40,13:35,,16:55,16:55,1546,91,:,16:55,
I81,x,x,international,BE-HU,"542,160",Budapest-Bruxelles,Budapest,Bruxelles,"München, Frankfurt",2,no,7:40,21:35,13:55,,13:55,1546,111,:,13:55,
I82,x,x,international,DE-EL,"541,466",Thessaloniki-München,Thessaloniki,München,NA,NA,NA,NA,NA,NA,NA,NA,NA,NA,0,NA,There's no direct train link between Greece and foreign countries
XI59,,x,extra-EU,DE-NO,"539,327",Oslo-Frankfurt,Oslo,Frankfurt,"Stockholm, Malmö, København, Hamburg, Köln",5,yes,16:56,17:49,,24:53,24:53,,,:,NA,The alternative to plane on this route is train+ferry; there's no direct train link between Norway and foreign countries in 2021
D53-N,x,x,domestic,IT,"535,778",Venezia-Napoli,Venezia,Napoli,Roma,1,yes,0:15,8:10,,7:55,7:55,726,92,:,9:07,
D53,x,x,domestic,IT,"535,778",Venezia-Napoli,Venezia,Napoli,-,0,no,7:37,12:43,5:06,,5:06,726,142,:,5:10,
I83-N,x,x,international,AU-DE,"535,673",Wien-München,Wien,München,-,0,yes,23:25,6:10,,6:45,6:45,475,70,:,6:43,
I83,x,x,international,AU-DE,"535,673",Wien-München,Wien,München,-,0,no,7:30,11:41,4:11,,4:11,475,114,:,4:00,
XI60,,x,extra-EU,LU-UK,"526,094",London-Luxembourg,London,Luxembourg,Paris,1,no,8:01,12:52,4:51,,4:51,,,:,6:51,
I84,x,x,international,CZ-DE,"525,687",Frankfurt-Praha,Frankfurt,Praha,"Leipzig, Dresden",2,no,8:18,15:26,7:08,,7:08,691,97,:,7:36,
D54-N,x,x,domestic,IT,"525,571",Roma-Brindisi,Roma,Brindisi,-,0,yes,23:58,7:41,,7:43,7:43,614,80,:,NA,No night train option is available in 2021
D54,x,x,domestic,IT,"525,571",Roma-Brindisi,Roma,Brindisi,-,0,no,8:05,13:04,4:59,,4:59,614,123,:,4:57,
I85,x,x,international,DE-PL,"522,589",Warszawa-Frankfurt,Warszawa,Frankfurt,Berlin,1,no,9:06,19:44,10:38,,10:38,1113,105,:,10:43,
D55,x,x,domestic,DE,"522,362",Hamburg-Düsseldorf,Hamburg,Düsseldorf,Dortmund,1,no,7:46,11:27,3:41,,3:41,420,114,:,3:11,
XI61,,x,extra-EU,FI-NO,"518,588",Helsinki-Oslo,Helsinki,Oslo,"Moscow, Warszawa, Berlin, Hamburg, København, Stockholm",6,yes,17:44,14:09,,68:25,68:25,,,:,NA,There's no direct train link between Norway and foreign countries in 2021
I86-N,x,x,international,DE-SE,"516,452",Stockholm-Berlin,Stockholm,Berlin,"København, Hamburg",2,yes,23:09,14:10,,15:01,15:01,1283,85,:,15:35,
I86,x,x,international,DE-SE,"516,452",Stockholm-Berlin,Stockholm,Berlin,"Malmö, København, Hamburg",3,no,9:25,23:43,14:18,,14:18,1283,90,:,13:34,
XI62-N,,x,extra-EU,CH-DK,"515,266",København-Zürich,København,Zürich,Hamburg,1,yes,15:35,9:05,,17:30,17:30,,,:,17:06,
XI62,,x,extra-EU,CH-DK,"515,266",København-Zürich,København,Zürich,Hamburg,1,no,7:35,20:00,12:25,,12:25,,,:,13:01,
I87,x,x,international,DE-DK,"514,015",København-München,København,München,Hamburg,1,no,7:35,19:42,12:07,,12:07,1112,92,:,12:09,
XI63,,x,extra-EU,FR-NO,"513,447",Paris-Oslo,Paris,Oslo,"Dortmund, Hamburg, København, Göteborg",4,no,7:55,16:52,32:57,,32:57,,,:,NA,There's no direct train link between Norway and foreign countries in 2021
I88,x,x,international,ES-IT,"513,179",Venezia-Barcelona,Venezia,Barcelona,Paris,1,yes,19:32,16:34,,21:02,21:02,2265,108,:,23:35,No night train option is available in 2021
I89,x,x,international,BE-DE,"512,987",Bruxelles-Berlin,Bruxelles,Berlin,Köln,1,no,8:23,15:05,6:42,,6:42,814,121,:,7:28,
I90,x,x,international,NL-PL,"512,020",Amsterdam-Warszawa,Amsterdam,Warszawa,Berlin,1,no,7:00,18:46,11:46,,11:46,1219,104,:,11:46,
XD15,,x,domestic non-EU,NO,"510,077",Oslo-Kristiansand,Oslo,Kristiansand,-,0,no,7:25,11:53,4:28,,4:28,353,79,:,4:28,
XI64,,x,extra-EU,DE-UK,"509,892",Manchester-Frankfurt,Manchester,Frankfurt,"London, Brussels",2,no,9:15,17:22,8:07,,8:07,,,:,8:38,
XI65,,x,extra-EU,FR-UK,"508,852",London-Bordeaux,London,Bordeaux,Paris,1,no,8:01,12:56,4:55,,4:55,,,:,5:36,
I91-N,x,x,international,DE-IT,"503,772",Milano-München,Milano,München,-,0,yes,20:40,8:19,,11:39,11:39,846,73,:,11:25,
I91,x,x,international,DE-IT,"503,772",Milano-München,Milano,München,Verona,1,no,7:15,14:26,7:11,,7:11,646,90,:,7:21,
XI66,,x,extra-EU,ES-UK,"502,733",Barcelona-Manchester,Barcelona,Manchester,"Paris, London",2,no,9:25,21:05,11:40,,11:40,1897,163,:,13:50,
D56,x,x,domestic,ES,"489,536",Barcelona-Granada,Barcelona,Granada,Madrid,1,no,7:00,13:30,6:30,,6:30,1120,172,:,6:22,
D57-N,x,x,domestic,IT,"489,190",Torino-Roma,Torino,Roma,-,0,yes,21:55,5:43,,7:48,7:48,667,86,:,7:48,
D57,x,x,domestic,IT,"489,190",Torino-Roma,Torino,Roma,-,0,no,7:00,11:36,4:36,,4:36,716,156,:,4:20,
I93,x,x,international,BE-CZ,"489,047",Bruxelles-Praha,Bruxelles,Praha,"Köln, Berlin",2,no,8:23,19:26,11:03,,11:03,1202,109,:,10:58,
I94,x,x,international,DE-ES,"487,667",Madrid-Düsseldorf,Madrid,Düsseldorf,"Barcelona, Portbou, Paris, Köln",4,yes,11:30,10:33,,23:03,23:03,2308,100,:,16:26,The route can be travelled within a day in 2021
I95-N,,x,international,FR-HU,"487,029",Budapest-Paris,Budapest,Paris,"München, Stuttgart",2,yes,20:40,12:03,,15:23,15:23,1572,102,:,15:53,
I95,,x,international,FR-HU,"487,029",Budapest-Paris,Budapest,Paris,"München, Karlsruhe",2,no,7:40,20:37,12:57,,12:57,1572,121,:,13:07,
D58,,x,domestic,ES,"486,437",Madrid-Sevilla,Madrid,Sevilla,-,0,no,7:00,9:32,2:32,,2:32,470,186,:,2:21,
I96,,x,international,AU-BE,"486,177",Bruxelles-Wien,Bruxelles,Wien,Frankfurt,1,no,7:55,18:45,10:50,,10:50,1290,119,:,10:21,
D59-N,,x,domestic,FR,"479,889",Paris-Pau,Paris,Pau,Toulouse,1,yes,22:08,9:06,,10:58,10:58,931,85,:,10:45,
D59,,x,domestic,FR,"479,889",Paris-Pau,Paris,Pau,Dax,1,no,9:00,13:25,4:25,,4:25,770,174,:,4:23,
I97,,x,international,FR-NL,"479,882",Amsterdam-Nice,Amsterdam,Nice,"Paris, Marseille",2,no,7:15,18:04,10:49,,10:49,1499,139,:,10:57,
I98,,x,international,DE-NL,"477,238",Amsterdam-Hamburg,Amsterdam,Hamburg,Osnabrück,1,no,7:00,11:18,4:18,,4:18,488,113,:,5:04,
XD16,,x,domestic non-EU,NO,"473,659",Haugesund-Oslo,Haugesund,Oslo,NA,NA,NA,NA,NA,NA,NA,NA,NA,NA,0,NA,There's no train connection to Haugesund
D60,,x,domestic,EL,"471,886",Athina-Alexandruopolis,Athina,Alexandruopolis,-,0,no,8:22,22:19,13:57,,13:57,945,68,:,15:57,
I99-N,,x,international,DE-PL,"471,179",Krakow-Frankfurt,Krakow,Frankfurt,Wien,1,yes,22:34,15:36,,17:02,17:02,1119,66,:,15:19,
I99,,x,international,DE-PL,"471,179",Krakow-Frankfurt,Krakow,Frankfurt,"Wrocklaw, Wegliniec, Dresden",3,no,7:44,20:36,12:52,,12:52,937,73,:,12:51,
I100,,x,international,BE-PT,"470,276",Bruxelles-Porto,Bruxelles,Porto,"Paris, Hendaye, Coimbra",3,yes,10:43,7:44,,21:01,21:01,2026,96,0,35:36,
I101-N,,x,international,ES-FR,"469,298",Paris-Sevilla,Paris,Sevilla,"Portbou, Barcelona, Madrid",3,yes,21:04,18:51,,21:47,21:47,2230,102,:,NA,No night train option is available in 2021
I101,,x,international,ES-FR,"469,298",Paris-Sevilla,Paris,Sevilla,"Barcelona, Madrid",2,no,10:07,23:15,13:08,,13:08,2200,168,:,13:26,
XI67,,x,extra-EU,DE-UK,"467,331",London-Stuttgart,London,Stuttgart,Paris,1,no,8:01,14:04,6:03,,6:03,,,:,6:43,
I102,,x,international,DE-FR,"465,252",Paris-Hamburg,Paris,Hamburg,Köln,1,no,7:55,16:14,8:19,,8:19,998,120,:,7:59,
I103,,x,international,DE-FR,"464,579",Paris-Düsseldorf,Paris,Düsseldorf,-,0,no,7:55,11:40,3:45,,3:45,578,154,:,4:06,
D61,,x,domestic,DE,"463,775",Hamburg-Köln,Hamburg,Köln,-,0,no,7:46,11:46,4:00,,4:00,465,116,:,3:37,
XI68,,x,extra-EU,BE-UK,"460,873",Bruxelles-Manchester,Bruxelles,Manchester,London,1,no,7:56,12:28,4:32,,4:32,,,:,4:35,
I104,,x,international,BG-DE,"459,689",Sofia-Frankfurt,Sofia,Frankfurt,"București, Budapest, München",3,yes,8:00,10:08,,50:08,50:08,2401,48,0,33:29,
XI69,,x,extra-EU,NL-UK,"457,727",Amsterdam-Bristol,Amsterdam,Bristol,"Bruxelles, London",2,no,8:15,15:08,6:53,,6:53,,,:,6:46,
IX001-N,,,international,AU-DK,"456,143",København-Wien,København,Wien,Hamburg,1,yes,15:35,8:20,,16:45,16:45,1485,89,:,16:31,
IX001,,,international,AU-DK,"456,143",København-Wien,København,Wien,"Hamburg, München, Salzburg",3,no,7:35,0:26,16:51,,16:51,1607,95,:,16:06,
IX002-N,,,international,HU-NL,"454,181",Budapest-Amsterdam,Budapest,Amsterdam,"München, Frankfurt",2,yes,20:40,15:28,,18:48,18:48,1465,78,:,17:18,
IX002,,,international,HU-NL,"454,181",Budapest-Amsterdam,Budapest,Amsterdam,"München, Frankfurt",2,no,7:40,23:28,15:48,,15:48,1465,93,:,14:49,
IX003,,,international,IT-HU,"450,919",Roma-Budapest,Roma,Budapest,Wien,1,yes,18:58,12:19,,17:21,17:21,1389,80,:,14:29,The route can be travelled within a day in 2021
DX001,,,domestic,ES,"449,095",Barcelona-Alicante,Barcelona,Alicante,-,0,no,7:00,11:56,4:56,,4:56,536,109,:,4:37,
DX002-N,,,domestic,IT,"447,145",Roma-Venezia,Roma,Venezia,-,0,yes,22:35,5:08,,6:33,6:33,504,77,:,7:37,
DX002,,,domestic,IT,"447,145",Roma-Venezia,Roma,Venezia,-,0,no,7:50,11:23,3:33,,3:33,504,142,:,3:48,
IX004,,,international,CZ-ES,"440,409",Barcelona-Praha,Barcelona,Praha,"Portbou, Paris, Frankfurt, Nürnberg, Schwandorf",5,yes,15:16,20:16,,29:00,29:00,2360,81,:,24:51,
IX005,,,international,BE-DE,"439,113",Bruxelles-München,Bruxelles,München,Frankfurt,1,no,8:23,15:28,7:05,,7:05,815,115,:,6:48,
DX003,,,domestic,FR,"432,052",Lyon-Toulouse,Lyon,Toulouse,-,0,no,7:06,11:10,4:04,,4:04,558,137,:,4:20,
DX004,,,domestic,FR,"426,814",Marseille-Bordeaux,Marseille,Bordeaux,-,0,no,8:34,14:30,5:56,,5:56,689,116,:,5:58,
DX005,,,domestic,ES,"423,946",Barcelona-Santiago,Barcelona,Santiago,"Madrid, Ourense",2,no,9:00,18:40,9:40,,9:40,1298,134,:,8:43,
DX006,,,domestic,IT,"422,633",Roma-Lamezia Terme,Roma,Lamezia Terme,-,0,no,8:58,12:40,3:42,,3:42,546,148,:,3:54,
IX006-N,,,international,IT-NL,"413,913",Amsterdam-Venezia,Amsterdam,Venezia,Paris,1,yes,15:15,9:35,,18:20,18:20,1680,92,:,17:56,
IX006,,,international,IT-NL,"413,913",Amsterdam-Venezia,Amsterdam,Venezia,"Basel, Milano",2,no,8:08,23:01,14:53,,14:53,1427,96,:,14:04,
DX007-N,,,domestic,DE,"412,931",München-Bremen,München,Bremen,Hannover,1,yes,22:52,8:39,,9:47,9:47,703,72,:,09:49,
DX007,,,domestic,DE,"412,931",München-Bremen,München,Bremen,Hannover,1,no,7:19,13:39,6:20,,6:20,876,138,:,5:29,
IX007,,,international,DK-NL,"409,878",Amsterdam-Billund,Amsterdam,Billund,"Osnabrück, Hamburg",2,no,9:00,18:34,9:34,,9:34,816,85,:,9:26,"Train to Vejle, Billund doesn't have a station"
IX008-N,,,international,FR-IT,"407,798",Paris-Bologna,Paris,Bologna,Milano,1,yes,19:15,7:19,,12:04,12:04,1103,91,:,15:28,
IX008,,,international,FR-IT,"407,798",Paris-Bologna,Paris,Bologna,Milano,1,no,10:41,19:19,8:38,,8:38,1092,126,:,8:40,
IX009,,,international,ES-IT,"407,684",Napoli-Barcelona,Napoli,Barcelona,"Milano, Paris",2,yes,17:40,16:34,,22:54,22:54,2797,122,:,24:58,No night train option is available in 2021
IX010-N,,,international,BE-IT,"404,519",Bruxelles-Venezia,Bruxelles,Venezia,Paris,1,yes,17:13,9:35,,16:22,16:22,1468,90,:,18:09,
IX010,,,international,BE-IT,"404,519",Bruxelles-Venezia,Bruxelles,Venezia,"Paris, Lyon, Milano",3,no,7:43,20:28,12:45,,12:45,1468,115,:,12:17,
DX008-N,,,domestic,IT,"400,428",Bologna-Catania,Bologna,Catania,Roma,1,yes,18:55,8:17,,13:22,13:22,1109,83,:,12:40,
DX008,,,domestic,IT,"400,428",Bologna-Catania,Bologna,Catania,Roma,1,no,08:55,21:37,12:42,,12:42,1109,87,:,12:10,
DX009,,,domestic,FR,"391,734",Paris-Toulon-Hyères,Paris,Toulon-Hyères,-,0,no,7:07,11:13,4:06,,4:06,834,203,:,3:58,Train to Toulon
IX011,,,international,AU-PL,"386,021",Wien-Warszawa,Wien,Warszawa,-,0,no,8:10,15:07,6:57,,6:57,730,105,:,7:41,
IX012,,,international,DE-EL,"385,428",Thessaloniki-Stuttgart,Thessaloniki,Stuttgart,NA,NA,NA,NA,NA,NA,NA,NA,NA,NA,0,NA,There's no direct train link between Greece and foreign countries
DX010,,,domestic,DE,"383,580",Frankfurt-Düsseldorf,Frankfurt,Düsseldorf,-,0,no,7:09,8:31,1:22,,1:22,220,161,:,1:26,
IX013-N,,,international,ES-NL,"375,055",Amsterdam-Valencia,Amsterdam,Valencia,"Paris, Portbou, Barcelona",3,yes,17:15,17:40,,24:25,24:25,2016,83,:,27:40,
IX013,,,international,ES-NL,"375,055",Amsterdam-Valencia,Amsterdam,Valencia,"Paris, Lyon, Barcelona",3,no,7:15,23:45,16:30,,16:30,1986,120,:,15:40,
IX014-N,,,international,AU-DE,"373,087",Wien-Köln,Wien,Köln,-,0,yes,20:49,8:15,,11:26,11:26,925,81,:,10:40,
IX014,,,international,AU-DE,"373,087",Wien-Köln,Wien,Köln,Frankfurt,1,no,9:15,17:17,8:02,,8:02,925,115,:,8:08,
IX015,,,international,BE-SE,"365,700",Bruxelles-Stockholm,Bruxelles,Stockholm,"Köln, Hamburg, Fredericia, København, Malmö",5,yes,7:55,5:55,,22:00,22:00,1683,77,:,21:13,
IX016,,,international,NL-SE,"364,256",Amsterdam-Göteborg,Amsterdam,Göteborg,"Osnabrück, Hamburg, Fredericia, Flensburg, København",5,no,7:00,22:08,15:08,,15:08,1194,79,:,15:08,
DX011,,,domestic,FR,"362,188",Nantes-Marseille,Nantes,Marseille,Paris,1,no,7:06,14:01,6:55,,6:55,1140,165,:,6:03,
DX012,,,domestic,DE,"357,246",Frankfurt-Hannover,Frankfurt,Hannover,-,0,no,7:58,10:34,2:36,,2:36,345,133,:,2:19,
DX013,,,domestic,ES,"357,229",Madrid-Malaga,Madrid,Malaga,-,0,no,7:20,10:05,2:45,,2:45,565,205,:,2:24,
IX017,,,international,AU-BG,"347,250",Wien-Sofia,Wien,Sofia,"Budapest, București",2,yes,15:42,21:20,,29:38,29:38,1656,56,0,28:30,
IX018,,,international,DE-NL,"345,419",Amsterdam-Stuttgart,Amsterdam,Stuttgart,Mannheim,1,no,8:08,13:08,5:00,,5:00,652,130,:,4:44,
IX019,,,international,FR-PT,"339,074",Lyon-Lisboa,Lyon,Lisboa,"Paris, Hendaye",2,yes,10:04,8:20,,22:16,22:16,2240,101,:,30:52,No night train option is available in 2021
DX014-N,,,domestic,IT,"338,852",Verona-Catania,Verona,Catania,Roma,1,yes,17:52,8:17,,14:25,14:25,1223,85,:,14:41,
DX014,,,domestic,IT,"338,852",Verona-Catania,Verona,Catania,Roma,1,no,7:52,21:37,13:45,,13:45,1223,89,:,13:44,
DX015,,,domestic,ES,"338,181",Valencia-Madrid,Valencia,Madrid,-,0,no,7:10,8:51,1:41,,1:41,391,232,:,1:40,
DX016,,,domestic,DE,"331,928",Frankfurt-Dresden,Frankfurt,Dresden,-,0,no,7:16,11:39,4:23,,4:23,500,114,:,4:17,
IX020,,,international,AU-EL,"330,018",Wien-Athina,Wien,Athina,NA,NA,NA,NA,NA,NA,NA,NA,NA,NA,0,NA,There's no direct train link between Greece and foreign countries
DX017-N,,,domestic,FR,"329,043",Nantes-Toulouse,Nantes,Toulouse,Paris,1,yes,19:39,6:01,,10:22,10:22,1103,106,:,11:50,
DX017,,,domestic,FR,"329,043",Nantes-Toulouse,Nantes,Toulouse,"Paris, Bordeaux",2,no,7:06,14:43,7:37,,7:37,1187,156,:,6:46,
DX018,,,domestic,DE,"325,219",Frankfurt-Stuttgart,Frankfurt,Stuttgart,-,0,no,7:50,9:08,1:18,,1:18,188,145,:,1:18,
IX021,,,international,FR-NL,"323,987",Amsterdam-Lyon,Amsterdam,Lyon,Paris,1,no,7:15,12:56,5:41,,5:41,951,167,:,6:41,
DX019,,,domestic,ES,"323,189",Barcelona-A Coruña,Barcelona,A Coruña,"Madrid, Ourense",2,no,9:00,19:08,10:08,,10:08,1372,135,:,9:13,
IX022-N,,,international,DE-IT,"318,197",Venezia-Berlin,Venezia,Berlin,München,1,yes,21:16,11:29,,14:13,14:13,1177,83,:,15:51,
IX022,,,international,DE-IT,"318,197",Venezia-Berlin,Venezia,Berlin,"Verona, München",2,no,7:32,19:29,11:57,,11:57,1197,100,:,11:41,
DX020,,,domestic,FR,"312,040",Lille-Nice,Lille,Nice,Paris,1,no,7:41,15:06,7:25,,7:25,1202,162,:,7:58,
DX021,,,domestic,IT,"311,692",Genova-Roma,Genova,Roma,-,0,no,7:12,12:03,4:51,,4:51,501,103,:,3:52,
DX022,,,domestic,IT,"310,270",Napoli-Roma,Napoli,Roma,-,0,no,7:00,8:10,1:10,,1:10,222,190,:,1:09,
IX023,,,international,BE-FR,"308,741",Bruxelles-Marseille,Bruxelles,Marseille,Paris,1,no,7:43,13:01,5:18,,5:18,1062,200,:,5:21,
IX024-N,,,international,BE-FR,"305,272",Bruxelles-Toulouse,Bruxelles,Toulouse,Paris,1,yes,19:13,6:01,,10:48,10:48,1025,95,:,10:43,
IX024,,,international,BE-FR,"305,272",Bruxelles-Toulouse,Bruxelles,Toulouse,"Paris, Bordeaux",2,no,7:43,14:43,7:00,,7:00,1109,158,:,6:58,
DX023,,,domestic,ES,"304,260",Madrid-Jerez,Madrid,Jerez,Sevilla,1,no,7:00,10:47,3:47,,3:47,577,153,:,3:44,
DX024,,,domestic,DE,"303,435",Frankfurt-Bremen,Frankfurt,Bremen,Hannover,1,no,7:58,11:50,3:52,,3:52,467,121,:,3:38,
DX026-N,,,domestic,IT,"302,279",Catania-Torino,Catania,Torino,"Napoli, Milano",2,yes,22:54,13:28,,14:34,14:34,1472,101,:,16:08,
DX025,,,domestic,IT,"302,279",Catania-Torino,Catania,Torino,Roma,1,no,8:41,23:02,14:21,,14:21,1472,103,:,14:29,
IX025,,,international,FR-NL,"300,078",Amsterdam-Bordeaux,Amsterdam,Bordeaux,Paris,1,no,7:15,12:56,5:41,,5:41,849,149,:,6:41,
DX026,,,domestic,ES,"299,447",Madrid-Alicante,Madrid,Alicante,-,0,no,7:45,10:20,2:35,,2:35,486,188,:,2:16,
DX027,,,domestic,ES,"298,960",Bilbao-Sevilla,Bilbao,Sevilla,Madrid,1,no,09:20,17:21,8:01,,8:01,1035,129,:,9:12,
IX026,,,international,FR-NL,"298,167",Amsterdam-Marseille,Amsterdam,Marseille,Paris,1,no,7:15,15:01,7:46,,7:46,1274,164,:,7:56,
IX027-N,,,international,HU-NL,"295,990",Budapest-Eindhoven,Budapest,Eindhoven,"München, Frankfurt, Utrecht",3,yes,20:40,16:04,,19:24,19:24,1506,78,:,17:24,
IX027,,,international,HU-NL,"295,990",Budapest-Eindhoven,Budapest,Eindhoven,"München, Frankfurt, Utrecht",3,no,7:40,23:58,16:18,,16:18,1506,92,:,15:18,
DX028,,,domestic,ES,"290,270",Barcelona-Asturias,Barcelona,Oviedo-Avilés-Gijón,"Madrid, Leon",2,no,7:00,16:48,9:48,,9:48,1106,113,:,9:12,Train to Oviedo
DX029,,,domestic,IT,"290,191",Bologna-Roma,Bologna,Roma,-,0,no,07:35,9:37,2:02,,2:02,353,174,:,2:03,
IX028,,,international,BE-NL,"281,812",Bruxelles-Amsterdam,Bruxelles,Amsterdam,-,0,no,7:52,9:44,1:52,,1:52,212,114,:,1:52,
DX030-N,,,domestic,IT,"281,392",Palermo-Pisa,Palermo,Pisa,Roma,1,yes,18:48,12:59,,18:11,18:11,1229,68,:,14:56,
DX030,,,domestic,IT,"281,392",Palermo-Pisa,Palermo,Pisa,Roma,1,no,7:00,22:50,15:50,,15:50,1229,78,:,14:30,
DX031,,,domestic,FR,"281,268",Paris-Clermont Ferrand,Paris,Clermont Ferrand,-,0,no,7:01,10:33,3:32,,3:32,420,119,:,3:29,
DX032-N,,,domestic,IT,"278,938",Palermo-Bologna,Palermo,Bologna,Napoli,1,yes,20:55,11:05,,14:10,14:10,1246,88,:,14:38,
DX032,,,domestic,IT,"278,938",Palermo-Bologna,Palermo,Bologna,Roma,1,no,7:00,20:42,13:42,,13:42,1246,91,:,13:03,
DX033-N,,,domestic,IT,"278,529",Palermo-Torino,Palermo,Torino,"Napoli, Milano",2,yes,20:55,13:28,,16:33,16:33,1609,97,:,18:11,
DX033,,,domestic,IT,"278,529",Palermo-Torino,Palermo,Torino,Roma,1,no,7:00,23:02,16:02,,16:02,1609,100,:,16:20,
DX034,,,domestic,FR,"277,628",Nantes-Nice,Nantes,Nice,Paris,1,no,7:06,16:06,9:00,,9:00,1365,152,:,9:01,
DX035-N,,,domestic,IT,"273,490",Venezia-Bari,Venezia,Bari,Bologna,1,yes,19:54,6:44,,10:50,10:50,801,74,:,10:43,
DX035,,,domestic,IT,"273,490",Venezia-Bari,Venezia,Bari,Bologna,1,no,7:37,15:27,7:50,,7:50,801,102,:,7:22,
DX036,,,domestic,ES,"271,703",Madrid-Santander,Madrid,Santander,-,0,no,7:45,11:50,4:05,,4:05,451,110,:,4:05,
IX029-N,,,international,IT-NL,"270,502",Amsterdam-Firenze,Amsterdam,Firenze,"Paris, Milano",2,yes,15:15,8:31,,17:16,17:16,1707,99,:,17:34,
IX029,,,international,IT-NL,"270,502",Amsterdam-Firenze,Amsterdam,Firenze,"Basel, Milano",2,no,8:08,22:48,14:40,,14:40,1476,101,:,13:01,
DX037-N,,,domestic,IT,"270,468",Torino-Napoli,Torino,Napoli,-,0,yes,21:55,8:17,,10:22,10:22,938,90,:,10:17,
DX037,,,domestic,IT,"270,468",Torino-Napoli,Torino,Napoli,-,0,no,7:30,13:00,5:30,,5:30,938,171,:,5:43,
DX038,,,domestic,FR,"270,332",Nice-Bordeaux,Nice,Bordeaux,"Marseille, Paris",2,no,8:13,17:56,9:43,,9:43,1512,156,:,9:03,
DX039-N,,,domestic,IT,"266,463",Trieste-Roma,Trieste,Roma,Venezia,1,yes,20:43,6:35,,9:52,9:52,652,66,:,10:19,
DX039,,,domestic,IT,"266,463",Trieste-Roma,Trieste,Roma,Venezia,1,no,7:21,13:10,5:49,,5:49,652,112,:,5:18,
DX040,,,domestic,DE,"265,382",Frankfurt-Leipzig-Halle,Frankfurt,Leipzig-Halle,-,0,no,7:16,10:24,3:08,,3:08,380,121,:,2:56,Train to Leipzig
IX030,,,international,AU-SE,"264,956",Wien-Stockholm,Wien,Stockholm,"Hamburg, København",2,yes,20:41,21:36,,24:55,24:55,1468,59,0,24:20,
DX041,,,domestic,IT,"263,656",Firenze-Roma,Firenze,Roma,-,0,no,8:23,9:43,1:20,,1:20,261,196,:,1:19,
IX031,,,international,IT-NL,"262,886",Amsterdam-Napoli,Amsterdam,Napoli,"Paris, Milano",2,yes,15:15,11:10,,19:55,19:55,1959,98,:,15:53,The route can be travelled within a day in 2021
IX032,,,international,BE-FR,"261,219",Bruxelles-Lyon,Bruxelles,Lyon,Paris,1,no,7:43,11:56,4:13,,4:13,739,175,:,3:28,
DX042-N,,,domestic,IT,"259,315",Catania-Napoli,Catania,Napoli,-,0,yes,22:54,7:25,,8:31,8:31,534,63,:,8:24,
DX042,,,domestic,IT,"259,315",Catania-Napoli,Catania,Napoli,-,0,no,8:41,16:15,7:34,,7:34,534,71,:,7:36,
IX054,,,international,DE-NL,"257,004",Amsterdam-Duesseldorf,Amsterdam,Duesseldorf,-,0,no,8:08,10:22,2:14,,2:14,219,98,:,2:58,
IX033-N,,,international,FR-NL,"256,708",Amsterdam-Toulouse,Amsterdam,Toulouse,Paris,1,yes,18:15,6:01,,11:46,11:46,1237,105,:,12:45,
IX033,,,international,FR-NL,"256,708",Amsterdam-Toulouse,Amsterdam,Toulouse,Paris,1,no,7:15,16:03,8:48,,8:48,1321,150,:,8:51,
DX043,,,domestic,ES,"255,675",Bilbao-Malaga,Bilbao,Malaga,Madrid,1,no,09:20,18:20,9:00,,9:00,1130,126,:,10:05,
DX044,,,domestic,DE,"254,041",Frankfurt-Nürnberg,Frankfurt,Nürnberg,-,0,no,7:54,10:02,2:08,,2:08,238,112,:,2:18,
DX045-N,,,domestic,IT,"246,945",Palermo-Venezia,Palermo,Venezia,Napoli,1,yes,20:55,12:23,,15:28,15:28,1397,90,:,16:39,
DX045,,,domestic,IT,"246,945",Palermo-Venezia,Palermo,Venezia,"Roma, Bologna",2,no,7:00,23:06,16:06,,16:06,1397,87,:,15:06,
DX046,,,domestic,IT,"246,475",Milano-Pescara,Milano,Pescara,"Bologna, Ancona",2,no,7:05,12:47,5:42,,5:42,569,100,:,4:34,
DX047-N,,,domestic,IT,"240,939",Catania-Pisa,Catania,Pisa,Roma,1,yes,20:26,12:59,,16:33,16:33,1092,66,:,12:53,
DX047,,,domestic,IT,"240,939",Catania-Pisa,Catania,Pisa,Roma,1,no,8:41,22:50,14:09,,14:09,1092,77,:,12:39,
DX048-N,,,domestic,FR,"239,141",Paris-Perpignan,Paris,Perpignan,-,0,yes,22:08,8:49,,10:41,10:41,926,87,:,10:28,
DX048,,,domestic,FR,"239,141",Paris-Perpignan,Paris,Perpignan,-,0,no,8:07,13:23,5:16,,5:16,896,170,:,5:39,
DX049-N,,,domestic,IT,"238,314",Palermo-Napoli,Palermo,Napoli,-,0,yes,20:55,7:25,,10:30,10:30,671,64,:,10:27,
DX049,,,domestic,IT,"238,314",Palermo-Napoli,Palermo,Napoli,-,0,no,8:41,16:15,7:34,,7:34,671,89,:,9:17,
IX034,,,international,AU-DE,"237,987",Frankfurt-Graz,Frankfurt,Graz,"München, Salzburg, Bischofshofen",3,no,7:54,18:14,10:20,,10:20,855,83,:,9:36,
DX050-N,,,domestic,FR,"233,962",Lille-Toulouse,Lille,Toulouse,Paris,1,yes,19:35,6:01,,10:26,10:26,940,90,:,9:48,
DX050,,,domestic,FR,"233,962",Lille-Toulouse,Lille,Toulouse,Paris,1,no,7:13,13:14,6:01,,6:01,1024,170,:,6:29,
DX051-N,,,domestic,DE,"233,825",München-Münster-Osnabrück,München,Münster-Osnabrück,"Hannover, Osnabrück",2,yes,22:52,9:25,,10:33,10:33,773,,:,NA,
DX051,,,domestic,DE,"233,825",München-Münster-Osnabrück,München,Münster-Osnabrück,Kassel,1,no,7:19,13:22,6:03,,6:03,755,125,:,6:30,Train to Münster
IX035-N,,,international,BE-ES,"229,686",Bruxelles-Valencia,Bruxelles,Valencia,"Paris, Portbou, Barcelona",3,yes,19:13,17:40,,22:27,22:27,1804,80,:,25:38,
IX035,,,international,BE-ES,"229,686",Bruxelles-Valencia,Bruxelles,Valencia,"Valence, Barcelona",2,no,10:33,23:45,13:12,,13:12,1774,134,:,13:12,
DX052,,,domestic,FR,"227,950",Lille-Bordeaux,Lille,Bordeaux,Paris,1,no,7:13,10:56,3:43,,3:43,764,206,:,4:14,
IX036,,,international,AU-DE,"227,406",Frankfurt-Salzburg,Frankfurt,Salzburg,München,1,no,7:54,12:58,5:04,,5:04,562,111,:,5:39,
IX037-N,,,international,AU-DE,"226,802",Hannover-Wien,Hannover,Wien,-,0,yes,21:57,8:20,,10:23,10:23,954,92,:,11:22,
IX037,,,international,AU-DE,"226,802",Hannover-Wien,Hannover,Wien,Nürnberg,1,no,7:26,14:45,7:19,,7:19,954,130,:,7:19,
IX038-N,,,international,AU-DE,"225,569",Graz-München,Graz,München,Wien,1,yes,20:26,5:45,,9:19,9:19,694,74,:,8:44,
IX038,,,international,AU-DE,"225,569",Graz-München,Graz,München,Salzburg,1,no,7:45,13:41,5:56,,5:56,446,75,:,5:56,
IX039-N,,,international,AU-FR,"224,219",Nice-Wien,Nice,Wien,Milano,1,yes,14:02,8:39,,18:37,18:37,1216,65,:,17:09,
IX039,,,international,AU-FR,"224,219",Nice-Wien,Nice,Wien,"Milano, Venezia",2,no,8:01,23:35,15:34,,15:34,1216,78,:,17:09,The route cannot be travelled within a day in 2021
DX053,,,domestic,FR,"220,303",Lille-Marseille,Lille,Marseille,Paris,1,no,7:13,11:59,4:46,,4:46,977,205,:,4:59,
DX054,,,domestic,FR,"218,439",Nice-Lyon,Nice,Lyon,Marseille,1,no,8:13,13:24,5:11,,5:11,548,106,:,4:35,
DX055,,,domestic,ES,"213,013",Valencia-Sevilla,Valencia,Sevilla,Madrid,1,no,7:10,11:38,4:28,,4:28,861,193,:,4:48,
DX056,,,domestic,ES,"210,688",Madrid-Almeria,Madrid,Almeria,-,0,no,8:00,14:17,6:17,,6:17,565,90,:,6:08,
DX057,,,domestic,DE,"210,195",München-Dresden,München,Dresden,Halle,1,no,7:52,12:50,4:58,,4:58,561,113,:,4:47,
DX058-N,,,domestic,AU,"204,896",Wien-Innsbruck,Wien,Innsbruck,-,0,yes,22:55,5:19,,6:24,6:24,591,92,:,4:56,
DX058,,,domestic,AU,"204,896",Wien-Innsbruck,Wien,Innsbruck,-,0,no,7:30,11:44,4:14,,4:14,591,140,:,4:14,
IX040,,,international,BE-SE,"203,331",Bruxelles-Göteborg,Bruxelles,Göteborg,"Köln, Hamburg, Fredericia, København",4,no,7:55,0:05,16:10,,16:10,1392,86,:,17:32,
DX059,,,domestic,ES,"199,065",Madrid-Granada,Madrid,Granada,-,0,no,7:20,11:30,4:10,,4:10,499,120,:,3:45,
DX060,,,domestic,ES,"198,456",Madrid-San Sebastian,Madrid,San Sebastian,-,0,no,8:00,13:24,5:24,,5:24,624,116,:,5:24,
DX061,,,domestic,ES,"197,452",Barcelona-Santander,Barcelona,Santander,Madrid,1,no,11:00,18:15,7:15,,7:15,1072,148,:,9:15,
IX041,,,international,BE-DE,"196,919",Bruxelles-Hamburg,Bruxelles,Hamburg,Köln,1,no,7:55,14:14,6:19,,6:19,686,109,:,6:50,
DX062,,,domestic,DE,"196,543",München-Stuttgart,München,Stuttgart,-,0,no,7:28,9:45,2:17,,2:17,242,106,:,2:12,
IX042,,,international,BE-FR,"196,534",Bruxelles-Paris,Bruxelles,Paris,-,0,no,7:43,9:05,1:22,,1:22,312,228,:,1:22,
DX063,,,domestic,ES,"196,182",Barcelona-Vigo,Barcelona,Vigo,"Madrid, Ourense",2,no,9:00,21:04,12:04,,12:04,1299,108,:,12:26,
DX064-N,,,domestic,DE,"188,017",Dortmund-München,Dortmund,München,Köln,1,yes,19:37,7:09,,11:32,11:32,706,61,:,10:36,
DX064,,,domestic,DE,"188,017",München-Dortmund,München,Dortmund,-,0,no,7:28,13:21,5:53,,5:53,706,120,:,5:59,
DX065,,,domestic,ES,"186,035",Barcelona-Jerez,Barcelona,Jerez,"Madrid, Sevilla",2,no,7:00,13:53,6:53,,6:53,1198,174,:,6:07,
IX043-N,,,international,AU-IT,"182,491",Wien-Bologna,Wien,Bologna,-,0,yes,19:31,5:20,,9:49,9:49,780,79,:,9:14,
IX043,,,international,AU-IT,"182,491",Wien-Bologna,Wien,Bologna,"Innsbruck, Brenner",2,no,7:30,17:55,10:25,,10:25,903,87,:,9:14,
IX044-N,,,international,AU-IT,"181,525",Wien-Venezia,Wien,Venezia,-,0,yes,21:35,8:12,,10:37,10:37,620,58,:,9:55,
IX044,,,international,AU-IT,"181,525",Wien-Venezia,Wien,Venezia,Villach,1,no,8:32,16:05,7:33,,7:33,620,82,:,7:37,
IX045,,,international,AU-CZ,"180,795",Wien-Praha,Wien,Praha,-,0,no,9:10,13:07,3:57,,3:57,402,102,:,4:25,
DX066,,,domestic,ES,"180,676",Bilbao-Alicante,Bilbao,Alicante,Madrid,1,no,09:20,17:20,8:00,,8:00,1051,131,:,9:02,
DX067,,,domestic,FR,"180,465",Lyon-Rennes,Lyon,Rennes,Paris,1,no,7:04,11:25,4:21,,4:21,791,182,:,4:02,
IX046-N,,,international,AU-DE,"177,638",Linz-Frankfurt,Linz,Frankfurt,-,0,yes,22:16,5:23,,7:07,7:07,558,78,:,6:32,
IX046,,,international,AU-DE,"177,638",Linz-Frankfurt,Linz,Frankfurt,München,1,no,7:46,14:04,6:18,,6:18,687,109,:,5:33,
IX047-N,,,international,BE-IT,"175,120",Bruxelles-Napoli,Bruxelles,Napoli,"Paris, Milano",2,yes,17:13,11:10,,17:57,17:57,2000,111,:,20:40,
IX047,,,international,BE-IT,"175,120",Bruxelles-Napoli,Bruxelles,Napoli,"Paris, Milano",2,no,7:43,22:23,14:40,,14:40,2000,136,:,13:50,
IX048,,,international,AU-HR,"173,171",Wien-Zagreb,Wien,Zagreb,Ljubljana,1,no,8:05,17:10,9:05,,9:05,662,73,:,8:47,
DX068,,,domestic,DE,"171,734",München-Leipzig-Halle,München,Leipzig-Halle,-,0,no,8:56,12:10,3:14,,3:14,492,152,:,3:17,Train to Leipzig
DX069,,,domestic,DE,"170,140",Düsseldorf-Dresden,Düsseldorf,Dresden,Frankfurt,1,no,7:06,13:39,6:33,,6:33,720,110,:,6:10,
DX070-N,,,domestic,DE,"169,716",Stuttgart-Bremen,Stuttgart,Bremen,"Mannheim, Hannover",2,yes,23:05,7:39,,8:34,8:34,655,76,:,7:34,
DX070,,,domestic,DE,"169,716",Stuttgart-Bremen,Stuttgart,Bremen,Hannover,1,no,7:24,12:44,5:20,,5:20,655,123,:,5:19,
DX071,,,domestic,FR,"169,469",Nantes-Montpellier,Nantes,Montpellier,Paris,1,no,7:06,13:36,6:30,,6:30,1126,173,:,6:33,
DX072,,,domestic,FR,"167,416",Lyon-Brest,Lyon,Brest,Paris,1,no,7:04,13:25,6:21,,6:21,1039,164,:,7:15,
IX049,,,international,BE-FR,"166,611",Bruxelles-Bordeaux,Bruxelles,Bordeaux,Paris,1,no,7:43,11:56,4:13,,4:13,849,201,:,4:43,
DX073,,,domestic,FR,"162,627",Nice-Toulouse,Nice,Toulouse,"Marseille, Nimes",2,no,8:13,16:14,8:01,,8:01,657,82,:,6:51,
DX074,,,domestic,DE,"160,549",Hamburg-Nürnberg,Hamburg,Nürnberg,-,0,no,7:29,12:27,4:58,,4:58,608,122,:,4:24,
DX075,,,domestic,DE,"159,737",Hannover-Stuttgart,Hannover,Stuttgart,Mannheim,1,no,7:24,11:53,4:29,,4:29,533,119,:,3:46,
IX050-N,,,international,BE-IT,"156,092",Bruxelles-Pisa,Bruxelles,Pisa,"Paris, Milano, Firenze",3,yes,17:13,9:32,,16:19,16:19,1505,92,:,18:56,
IX050,,,international,BE-IT,"156,092",Bruxelles-Pisa,Bruxelles,Pisa,"Paris, Milano, Firenze",3,no,7:43,21:28,13:45,,13:45,1505,109,:,12:45,
IX051-N,,,international,BE-ES,"154,677",Bruxelles-Bilbao,Bruxelles,Bilbao,"Paris, Portbou, Barcelona",3,yes,19:13,20:32,,25:19,25:19,2082,82,:,NA,No night train option is available in 2021
IX051,,,international,BE-ES,"154,677",Bruxelles-Bilbao,Bruxelles,Bilbao,"Paris, Hendaye, San Sebastian",3,no,7:43,18:21,10:38,,10:38,1162,109,:,14:34,
DX076,,,domestic,FR,"148,846",Paris-Rennes,Paris,Rennes,-,0,no,7:06,9:07,2:01,,2:01,364,180,:,1:25,
DX077,,,domestic,ES,"148,010",Santiago-Alicante,Santiago,Alicante,Madrid,1,no,7:48,17:20,9:32,,9:32,1163,122,:,8:30,
DX078,,,domestic,DE,"145,666",Friedrichshafen-Frankfurt,Friedrichshafen,Frankfurt,"Basel, Mannheim",2,no,7:01,12:08,5:07,,5:07,514,100,:,3:37,
DX079,,,domestic,DE,"145,626",Nürnberg-Düsseldorf,Nürnberg,Düsseldorf,-,0,no,8:00,11:36,3:36,,3:36,458,127,:,3:54,
DX080-N,,,domestic,IT,"138,761",Pisa-Bari,Pisa,Bari,Roma,1,yes,19:45,6:27,,10:42,10:42,839,78,:,10:37,
DX080,,,domestic,IT,"138,761",Pisa-Bari,Pisa,Bari,Roma,1,no,11:11,19:09,7:58,,7:58,839,105,:,8:04,
DX081-N,,,domestic,FR,"137,347",Strasbourg-Toulouse,Strasbourg,Toulouse,Paris,1,yes,18:55,6:01,,11:06,11:06,1152,104,:,11:05,
DX081,,,domestic,FR,"137,347",Strasbourg-Toulouse,Strasbourg,Toulouse,"Paris, Bordeaux",2,no,7:13,14:43,7:30,,7:30,1236,165,:,7:25,
DX082,,,domestic,ES,"136,613",Santiago-Malaga,Santiago,Malaga,Madrid,1,no,7:48,17:18,9:30,,9:30,1242,131,:,8:51,
DX083-N,,,domestic,FR,"133,949",Paris-Lourdes-Tarbes,Paris,Lourdes-Tarbes,Toulouse,1,yes,22:08,8:22,,10:14,10:14,871,85,:,4:51,Train to Tarbes
DX083,,,domestic,FR,"133,949",Paris-Lourdes-Tarbes,Paris,Lourdes-Tarbes,-,0,no,9:47,14:47,5:00,,5:00,809,162,:,4:51,Train to Lourdes
IX052-N,,,international,BE-IT,"133,601",Bruxelles-Bologna,Bruxelles,Bologna,"Paris, Milano",2,yes,17:13,07:19,,14:06,14:06,1415,100,:,16:52,
IX052,,,international,BE-IT,"133,601",Bruxelles-Bologna,Bruxelles,Bologna,"Paris, Milano",2,no,7:43,19:19,11:36,,11:36,1415,122,:,11:11,
DX084,,,domestic,DE,"132,505",Frankfurt-Münster-Osnabrück,Frankfurt,Münster-Osnabrück,Essen,1,no,7:10,10:22,3:12,,3:12,346,108,:,3:00,Train to Münster
DX085,,,domestic,AU,"131,918",Wien-Graz,Wien,Graz,-,0,no,7:05,9:33,2:28,,2:28,208,84,:,2:35,
DX086,,,domestic,DE,"131,173",Köln-Dresden,Köln,Dresden,"Frankfurt, Erfurt, Leipzig",3,no,7:20,12:39,5:19,,5:19,680,128,:,5:40,
DX087,,,domestic,DE,"130,882",Nürnberg-München,Nürnberg,München,-,0,no,7:13,8:58,1:45,,1:45,171,98,:,1:08,
DX088,,,domestic,FR,"130,430",Lyon-Bayonne-Biarritz,Lyon,Bayonne-Biarritz,Paris,1,no,7:04,13:55,6:51,,6:51,1163,170,:,6:58,Train to Bayonne
DX089,,,domestic,FR,"129,392",Strasbourg-Bordeaux,Strasbourg,Bordeaux,Paris,1,no,7:13,11:56,4:43,,4:43,976,207,:,5:10,
DX090,,,domestic,DE,"127,493",Stuttgart-Düsseldorf,Stuttgart,Düsseldorf,-,0,no,7:51,10:33,2:42,,2:42,408,151,:,2:34,
DX091,,,domestic,DE,"127,082",Paderborn-Lippstadt-München,Paderborn-Lippstadt,München,Kassel,1,no,7:48,12:38,4:50,,4:50,783,162,:,5:31,Train from Paderborn
DX092-N,,,domestic,IT,"126,843",Lamezia Terme-Venezia,Lamezia Terme,Venezia,"Roma, Bologna",2,yes,0:12,10:23,,10:11,10:11,1050,103,:,10:28,
DX092,,,domestic,IT,"126,843",Lamezia Terme-Venezia,Lamezia Terme,Venezia,Roma,1,no,7:56,15:23,7:27,,7:27,1050,141,:,7:50,
DX093-N,,,domestic,IT,"126,722",Lamezia Terme-Pisa,Lamezia Terme,Pisa,Roma,1,yes,0:12,9:53,,9:41,9:41,882,91,:,9:22,
DX093,,,domestic,IT,"126,722",Lamezia Terme-Pisa,Lamezia Terme,Pisa,Roma,1,no,7:56,14:53,6:57,,6:57,882,127,:,6:55,
DX094,,,domestic,FR,"125,235",Brest-Marseille,Brest,Marseille,Paris,1,no,7:18,15:01,7:43,,7:43,1362,177,:,8:00,
DX095,,,domestic,FR,"125,222",Strasbourg-Nice,Strasbourg,Nice,Paris,1,no,7:19,16:06,8:47,,8:47,1055,120,:,9:32,
DX096,,,domestic,FR,"124,931",Nantes-Strasbourg,Nantes,Strasbourg,Paris,1,no,7:06,12:41,5:35,,5:35,829,148,:,5:13,
DX097,,,domestic,ES,"123,438",San Sebastian-Barcelona,San Sebastian,Barcelona,-,0,no,7:28,13:20,5:52,,5:52,635,108,:,5:31,
DX098,,,domestic,IT,"123,064",Milano-Trapani,Milano,Trapani,"Roma, Palermo",2,yes,18:00,15:23,,21:23,21:23,1657,77,:,20:57,
DX099,,,domestic,AU,"119,688",Wien-Klagenfurt,Wien,Klagenfurt,-,0,no,8:32,12:20,3:48,,3:48,325,86,:,3:55,
IX053,,,international,BE-HR,"119,054",Bruxelles-Zagreb,Bruxelles,Zagreb,"Frankfurt, München",2,yes,16:22,8:35,,16:13,16:13,1445,89,:,20:18,
DX100,,,domestic,ES,"118,135",Almeria-Barcelona,Almeria,Barcelona,Madrid,1,no,7:35,16:30,8:55,,8:55,1186,133,:,9:49,
DX101-N,,,domestic,IT,"117,044",Milano-Reggio Calabria,Milano,Reggio Calabria,-,0,yes,15:44,8:05,,16:21,16:21,1235,76,:,16:02,
DX101,,,domestic,IT,"117,044",Milano-Reggio Calabria,Milano,Reggio Calabria,Roma,1,no,7:00,16:47,9:47,,9:47,1235,126,:,9:00,
DX102-N,,,domestic,IT,"116,137",Pisa-Brindisi,Pisa,Brindisi,Roma,1,yes,19:45,7:41,,11:56,11:56,950,80,:,11:19,
DX102,,,domestic,IT,"116,137",Pisa-Brindisi,Pisa,Brindisi,Roma,1,no,11:11,20:14,9:03,,9:03,950,105,:,9:15,
DX103,,,domestic,FR,"111,668",Lyon-Caen,Lyon,Caen,Paris,1,no,7:04,12:00,4:56,,4:56,666,135,:,4:55,
DX104,,,domestic,ES,"111,200",Bilbao-Valencia,Bilbao,Valencia,Madrid,1,no,9:20,17:20,8:00,,8:00,956,120,:,8:02,
DX105,,,domestic,FR,"110,773",Strasbourg-Lyon,Strasbourg,Lyon,-,0,no,8:59,12:56,3:57,,3:57,507,128,:,3:55,
DX106,,,domestic,DE,"104,783",Leipzig-Halle-Düsseldorf,Leipzig-Halle,Düsseldorf,Dortmund,1,no,8:36,12:44,4:08,,4:08,560,135,:,4:48,Train from Leipzig
DX107,,,domestic,ES,"95,236",Santiago-Valencia,Santiago,Valencia,Madrid,1,no,7:48,16:04,8:16,,8:16,1068,129,:,7:24,
DX108,,,domestic,AU,"92,555",Wien-Salzburg,Wien,Salzburg,-,0,no,7:02,9:48,2:46,,2:46,308,111,:,2:22,
DX109,,,domestic,DE,"89,813",Stuttgart-Dresden,Stuttgart,Dresden,Frankfurt,1,no,7:24,13:39,6:15,,6:15,688,110,:,5:46,
DX110,,,domestic,ES,"88,627",A Coruña-Sevilla,A Coruña,Sevilla,Madrid,1,no,7:15,16:05,8:50,,8:50,1221,138,:,8:54,
DX111,,,domestic,ES,"85,272",Santiago-Sevilla,Santiago,Sevilla,Madrid,1,no,7:48,16:05,8:17,,8:17,1147,138,:,7:56,
DX112,,,domestic,ES,"85,247",Valencia-Barcelona,Valencia,Barcelona,-,0,no,7:25,10:40,3:15,,3:15,353,109,:,2:40,
DX113,,,domestic,ES,"80,186",Oviedo-Avilés-Gijón-Malaga,Oviedo-Avilés-Gijón,Malaga,"Madrid, Cordoba",2,no,7:30,15:16,7:46,,7:46,1050,135,:,9:29,Train from Oviedo
I105,x,x,international,DK-IT,"560,838",Milano-København,Milano,København,,3,yes,15:25,14:26,,23:01,23:01,1536,67,:,21:21,